season,player_id,name,era,whip,ip,games_started
2009,444440,Nick Adenhart,0.0,1.67,6.0,1
2009,489020,Brad Kilby,0.53,0.82,17.0,1
2009,518516,Madison Bumgarner,1.8,1.1,10.0,1
2009,425844,Zack Greinke,2.16,1.07,229.1,33
2009,112020,Chris Carpenter,2.24,1.01,192.2,28
2009,453311,Tim Lincecum,2.48,1.05,225.1,32
2009,433587,Félix Hernández,2.49,1.14,238.2,34
2009,457453,Jair Jurrjens,2.6,1.21,215.0,34
2009,425794,Adam Wainwright,2.63,1.21,233.0,34
2009,119984,Darren Oliver,2.71,1.14,73.0,1
2009,136880,Roy Halladay,2.79,1.13,239.0,32
2009,477132,Clayton Kershaw,2.79,1.23,171.0,30
2009,407853,Erik Bedard,2.82,1.19,83.0,15
2009,134320,Javier Vazquez,2.87,1.03,219.1,32
2009,462102,Tommy Hanson,2.89,1.18,127.2,21
2009,430912,Matt Cain,2.89,1.18,217.2,33
2009,457918,J.A. Happ,2.93,1.23,166.0,23
2009,430588,Fernando Nieve,2.95,1.5,36.2,7
2009,434643,Wandy Rodriguez,3.02,1.24,205.2,33
2009,461833,Phil Hughes,3.03,1.12,86.0,7
2009,448694,Randy Wells,3.05,1.28,165.1,27
2009,459987,Cesár Ramos,3.07,1.57,14.2,2
2009,150404,Ted Lilly,3.1,1.06,177.0,27
2009,276371,Johan Santana,3.13,1.21,166.2,25
2009,429717,Dan Haren,3.14,1.0,229.1,33
2009,450545,Doug Mathis,3.16,1.15,42.2,2
2009,424324,Cliff Lee,3.22,1.24,231.2,34
2009,435178,Josh Johnson,3.23,1.16,209.0,33
2009,150116,Randy Wolf,3.23,1.1,214.1,34
2009,446624,Charlie Haeger,3.32,1.05,19.0,3
2009,282332,CC Sabathia,3.37,1.15,230.0,34
2009,543339,Daniel Hudson,3.38,1.34,18.2,2
2009,452657,Jon Lester,3.41,1.23,203.1,32
2009,452718,Kyle Kendrick,3.42,1.37,26.1,2
2009,448269,Brad Bergesen,3.43,1.28,123.1,19
2009,434378,Justin Verlander,3.45,1.18,240.0,35
2009,408241,Jake Peavy,3.45,1.12,101.2,16
2009,434622,Ubaldo Jiménez,3.47,1.23,218.0,33
2009,489189,Josh Outman,3.48,1.16,67.1,12
2009,334492,Joel Pineiro,3.49,1.14,214.0,32
2009,469686,Alfredo Aceves,3.54,1.01,84.0,1
2009,434565,Robinson Tejeda,3.54,1.26,73.2,6
2009,431162,Tim Stauffer,3.58,1.44,73.0,14
2009,113898,Kelvim Escobar,3.6,1.6,5.0,1
2009,218596,Tim Hudson,3.61,1.46,42.1,7
2009,429719,Edwin Jackson,3.62,1.26,214.0,33
2009,118377,Pedro Martínez,3.63,1.25,44.2,9
2009,488846,Brian Duensing,3.64,1.37,84.0,9
2009,133225,Ryan Dempster,3.65,1.31,200.0,31
2009,213711,Jeff Weaver,3.65,1.52,79.0,7
2009,519240,Marc Rzepczynski,3.67,1.32,61.1,11
2009,119154,Kevin Millwood,3.67,1.34,198.2,31
2009,453281,Wade LeBlanc,3.69,1.17,46.1,9
2009,451584,Wade Davis,3.72,1.27,36.1,6
2009,451596,Yovani Gallardo,3.73,1.31,185.2,30
2009,434884,Ryan Rowland-Smith,3.74,1.18,96.1,15
2009,150319,Josh Fogg,3.74,1.14,45.2,1
2009,488674,Burke Badenhop,3.75,1.32,72.0,2
2009,450308,Jered Weaver,3.75,1.24,211.0,33
2009,493133,Hiroki Kuroda,3.76,1.14,117.1,20
2009,425647,D.J. Carrasco,3.76,1.41,93.1,1
2009,123387,Brett Tomko,3.77,1.1,57.1,6
2009,407296,Carlos Zambrano,3.77,1.38,169.1,28
2009,433579,John Danks,3.77,1.28,200.1,32
2009,132220,Jarrod Washburn,3.78,1.19,176.0,28
2009,132980,Eric Milton,3.8,1.52,23.2,5
2009,407793,John Lackey,3.83,1.27,176.1,27
2009,429780,Chris Narveson,3.83,1.3,47.0,4
2009,279824,Mark Buehrle,3.84,1.25,213.1,33
2009,276520,Bronson Arroyo,3.84,1.27,220.1,33
2009,277417,Josh Beckett,3.86,1.19,212.1,32
2009,499877,Kenshin Kawakami,3.86,1.34,156.1,25
2009,434671,Aníbal Sánchez,3.87,1.51,86.0,16
2009,430962,Dustin Nippert,3.88,1.33,69.2,10
2009,458709,John Lannan,3.88,1.35,206.1,33
2009,460284,Dallas Braden,3.89,1.36,136.2,22
2009,429781,Kevin Correia,3.91,1.3,198.0,33
2009,456027,Ross Ohlendorf,3.92,1.23,176.2,29
2009,461212,Matt Palmer,3.93,1.32,121.1,13
2009,435298,Jeff Niemann,3.94,1.35,180.2,30
2009,465629,Edward Mujica,3.94,1.28,93.2,4
2009,490063,Matt Garza,3.95,1.26,203.0,32
2009,519144,Rick Porcello,3.96,1.34,170.2,31
2009,457428,James McDonald,4.0,1.49,63.0,4
2009,279782,Jon Garland,4.01,1.4,204.0,33
2009,448147,Nick Blackburn,4.03,1.37,205.2,33
2009,217096,Barry Zito,4.03,1.35,192.0,33
2009,451532,Chad Billingsley,4.03,1.32,196.1,32
2009,150302,Jason Marquis,4.04,1.38,216.0,33
2009,150359,A.J. Burnett,4.04,1.4,207.0,33
2009,434679,Anthony Lerew,4.05,1.65,13.1,2
2009,493157,Koji Uehara,4.05,1.25,66.2,12
2009,430599,Joe Blanton,4.05,1.32,195.1,31
2009,474463,Brett Anderson,4.06,1.28,175.1,30
2009,435043,Zach Duke,4.06,1.31,213.0,32
2009,425856,Gavin Floyd,4.06,1.23,193.0,30
2009,444857,Scott Feldman,4.08,1.28,189.2,31
2009,425848,Rich Harden,4.09,1.34,141.0,26
2009,150153,Nelson Figueroa,4.09,1.48,70.1,10
2009,488984,Tommy Hunter,4.1,1.3,112.0,19
2009,150277,Doug Davis,4.12,1.5,203.1,34
2009,400061,Roy Oswalt,4.12,1.24,181.1,30
2009,453286,Max Scherzer,4.12,1.34,170.1,30
2009,450729,Doug Fister,4.13,1.28,61.0,10
2009,448306,James Shields,4.14,1.32,219.2,33
2009,346871,Aaron Cook,4.16,1.41,158.0,27
2009,120485,Andy Pettitte,4.16,1.38,194.2,32
2009,112526,Bartolo Colon,4.19,1.44,62.1,12
2009,459939,Mitchell Boggs,4.19,1.79,58.0,9
2009,453329,Clay Buchholz,4.21,1.38,92.0,16
2009,477003,Jonathon Niese,4.21,1.4,25.2,5
2009,445216,Daniel McCutchen,4.21,1.35,36.1,6
2009,421685,Aaron Harang,4.21,1.41,162.1,26
2009,456043,Jonathan Sánchez,4.24,1.37,163.1,29
2009,450665,Kris Medlen,4.26,1.4,67.2,4
2009,435261,Zach Miner,4.29,1.58,92.1,5
2009,400291,Dustin Moseley,4.3,1.57,14.2,3
2009,462995,Rick Van Den Hurk,4.3,1.33,58.2,11
2009,460069,Ricky Romero,4.3,1.52,178.0,29
2009,430935,Cole Hamels,4.32,1.29,193.2,32
2009,445156,Sean Marshall,4.32,1.44,85.1,9
2009,434628,Jason Hammel,4.33,1.39,176.2,30
2009,150119,Freddy Garcia,4.34,1.21,56.0,9
2009,450172,Edinson Volquez,4.35,1.33,49.2,9
2009,435044,Scott Baker,4.37,1.19,200.0,33
2009,424805,Mark Hendrickson,4.37,1.42,105.0,11
2009,407822,Jorge De La Rosa,4.38,1.38,185.0,32
2009,453344,Brandon Morrow,4.39,1.58,69.2,10
2009,453385,Clayton Richard,4.41,1.47,153.0,26
2009,456501,Johnny Cueto,4.41,1.36,171.1,30
2009,456034,David Price,4.42,1.35,128.1,23
2009,429720,John Maine,4.43,1.29,81.1,15
2009,120221,Chan Ho Park,4.43,1.4,83.1,7
2009,444836,Aaron Laffey,4.44,1.62,121.2,19
2009,430904,Paul Maholm,4.44,1.44,194.2,31
2009,459988,Robert Ray,4.44,1.19,24.1,4
2009,455605,J.D. Martin,4.44,1.42,77.0,15
2009,455961,Ryan Sadowski,4.45,1.59,28.1,6
2009,444382,Eddie Bonine,4.46,1.51,34.1,4
2009,218894,Vicente Padilla,4.46,1.43,147.1,25
2009,435619,Pat Misch,4.48,1.44,62.1,7
2009,462985,Franklin Morales,4.5,1.53,40.0,2
2009,469134,Esmil Rogers,4.5,1.25,4.0,1
2009,475416,Justin Masterson,4.52,1.45,129.1,16
2009,456701,Homer Bailey,4.53,1.47,113.1,20
2009,502032,Bud Norris,4.53,1.51,55.2,10
2009,450203,Charlie Morton,4.55,1.46,97.0,18
2009,123801,Tim Wakefield,4.58,1.44,129.2,21
2009,434578,Joe Saunders,4.6,1.43,186.0,31
2009,285079,R.A. Dickey,4.62,1.62,64.1,1
2009,502009,Mat Latos,4.62,1.3,50.2,10
2009,435221,Brandon McCarthy,4.62,1.36,97.1,17
2009,519455,Jordan Zimmermann,4.63,1.36,91.1,16
2009,502239,Trevor Cahill,4.63,1.44,178.2,32
2009,451085,Brian Matusz,4.63,1.48,44.2,8
2009,429985,Chad Gaudin,4.64,1.51,147.1,25
2009,117955,Derek Lowe,4.67,1.52,194.2,34
2009,446454,Brian Bannister,4.73,1.37,154.0,26
2009,346798,Kyle Lohse,4.74,1.37,117.2,22
2009,501955,Joba Chamberlain,4.75,1.54,157.1,31
2009,476811,Sean West,4.79,1.54,103.1,20
2009,453192,Andrew Miller,4.84,1.6,80.0,14
2009,433581,Brad Thompson,4.84,1.35,80.0,8
2009,408206,Brett Myers,4.84,1.37,70.2,10
2009,430636,Ian Snell,4.84,1.59,145.0,27
2009,445590,Eric Stults,4.86,1.54,50.0,10
2009,458713,Kevin Slowey,4.86,1.41,90.2,16
2009,476011,Matt Maloney,4.87,1.25,40.2,7
2009,116615,Randy Johnson,4.88,1.33,96.0,17
2009,207267,Brad Penny,4.88,1.4,173.1,30
2009,431148,Scott Kazmir,4.89,1.42,147.1,26
2009,468504,Jhoulys Chacín,4.91,1.55,11.0,1
2009,450306,Jason Vargas,4.91,1.33,91.2,14
2009,425747,Jose Contreras,4.92,1.47,131.2,23
2009,425528,Seth McClung,4.94,1.63,62.0,2
2009,119469,Jamie Moyer,4.94,1.36,162.0,25
2009,446321,Ross Detwiler,5.0,1.59,75.2,14
2009,429722,Ervin Santana,5.03,1.47,139.2,23
2009,460059,Mike Pelfrey,5.03,1.51,184.1,31
2009,425386,Jeremy Guthrie,5.04,1.42,200.0,33
2009,445060,Ricky Nolasco,5.06,1.25,185.0,31
2009,219194,Gil Meche,5.09,1.57,129.0,23
2009,400062,Tim Redding,5.1,1.43,120.0,17
2009,134321,Carl Pavano,5.1,1.37,199.1,33
2009,489334,Craig Stammen,5.11,1.29,105.2,19
2009,458250,Dusty Hughes,5.14,1.5,14.0,1
2009,458690,Chris Volstad,5.21,1.43,159.0,29
2009,432934,Chris Young,5.21,1.45,76.0,14
2009,448287,Luke French,5.21,1.71,67.1,12
2009,131702,Braden Looper,5.22,1.49,194.2,34
2009,429718,Shawn Hill,5.25,1.5,12.0,3
2009,463017,Shairon Martis,5.25,1.42,85.2,15
2009,460265,Jeremy Sowers,5.25,1.51,123.1,22
2009,434678,Kyle Davies,5.27,1.53,123.0,22
2009,122987,Jeff Suppan,5.29,1.69,161.2,30
2009,458730,Bobby Parnell,5.3,1.66,88.1,8
2009,446399,Brett Cecil,5.3,1.65,93.1,17
2009,115399,Mike Hampton,5.3,1.55,112.0,21
2009,435500,Dan Giese,5.32,1.41,22.0,1
2009,476570,Vin Mazzaro,5.32,1.74,91.1,17
2009,425226,Brian Tallet,5.32,1.5,160.2,25
2009,499856,Chris Jakubauskas,5.32,1.27,93.0,8
2009,150337,Kip Wells,5.33,1.38,72.2,7
2009,452249,Micah Owings,5.34,1.59,119.2,19
2009,453646,Carlos Villanueva,5.34,1.43,96.0,6
2009,430680,Justin Lehr,5.37,1.53,65.1,11
2009,501957,Chris Tillman,5.4,1.55,65.0,12
2009,425561,Chris Waters,5.4,1.2,11.2,1
2009,444371,Jeff Karstens,5.42,1.48,108.0,13
2009,456696,David Hernandez,5.42,1.62,101.1,19
2009,425146,Nate Robertson,5.44,1.75,49.2,6
2009,115817,Livan Hernandez,5.44,1.56,183.2,31
2009,453954,Kevin Hart,5.44,1.74,81.0,14
2009,119215,Brian Moehler,5.47,1.54,154.2,29
2009,429440,Édgar González,5.51,1.59,65.1,6
2009,446341,Scott Richmond,5.52,1.49,138.2,24
2009,452733,Tom Gorzelanny,5.55,1.32,47.0,7
2009,133460,Russ Ortiz,5.57,1.67,85.2,13
2009,457796,Garrett Olson,5.6,1.41,80.1,11
2009,121834,Jason Schmidt,5.6,1.58,17.2,4
2009,453307,David Huff,5.61,1.56,128.1,23
2009,452241,Garrett Mock,5.62,1.73,91.1,15
2009,451482,Armando Galarraga,5.64,1.57,143.2,25
2009,453249,Jeff Manship,5.68,1.71,31.2,5
2009,150438,Rodrigo Lopez,5.7,1.77,30.0,5
2009,461829,Gio Gonzalez,5.75,1.71,98.2,17
2009,446916,Mike Burns,5.75,1.49,51.2,8
2009,493137,Daisuke Matsuzaka,5.76,1.87,59.1,12
2009,136600,Bruce Chen,5.78,1.59,62.1,9
2009,434538,Francisco Liriano,5.8,1.55,136.2,24
2009,433589,Yusmeiro Petit,5.82,1.52,89.2,17
2009,111838,Paul Byrd,5.82,1.71,34.0,6
2009,446911,Virgil Vasquez,5.84,1.7,44.2,7
2009,445163,Casey Janssen,5.85,1.83,40.0,5
2009,400076,Shane Loux,5.86,1.77,58.1,6
2009,425487,Todd Wellemeyer,5.89,1.77,122.1,21
2009,450282,Glen Perkins,5.89,1.48,96.1,17
2009,457711,Sean O'Sullivan,5.92,1.47,51.2,10
2009,451595,Sean Gallagher,5.95,1.93,19.2,2
2009,400141,Horacio Ramirez,5.96,1.68,22.2,1
2009,219594,Tomo Ohka,5.96,1.35,71.0,6
2009,446207,Josh Geer,5.96,1.35,102.2,17
2009,425555,Daniel Cabrera,6.0,1.98,51.0,9
2009,435179,Scott Olsen,6.03,1.72,62.2,11
2009,448614,Carlos Torres,6.04,1.66,28.1,5
2009,457448,Matt Harrison,6.11,1.64,63.1,11
2009,502706,Derek Holland,6.12,1.5,138.1,21
2009,462136,Marco Estrada,6.14,1.36,7.1,1
2009,453515,David Purcey,6.19,1.75,48.0,9
2009,461872,Anthony Swarzak,6.25,1.63,59.0,12
2009,462956,Felipe Paulino,6.27,1.67,97.2,17
2009,433584,Roberto Hernandez,6.32,1.76,125.1,24
2009,122477,John Smoltz,6.35,1.45,78.0,15
2009,451628,Alfredo Figaro,6.35,1.94,17.0,3
2009,448159,Manny Parra,6.36,1.83,140.0,27
2009,433657,Dave Bush,6.38,1.47,114.1,21
2009,434438,Billy Buckner,6.4,1.59,77.1,13
2009,455374,Antonio Bastardo,6.46,1.48,23.2,5
2009,460072,Jason Berken,6.54,1.74,119.2,24
2009,460024,Luke Hochevar,6.55,1.49,143.0,25
2009,435039,Anthony Reyes,6.57,1.64,38.1,8
2009,458567,Andy Sonnanstine,6.77,1.66,99.2,18
2009,429901,Sergio Mitre,6.79,1.63,51.2,9
2009,424144,Oliver Pérez,6.82,1.92,66.0,14
2009,444446,Collin Balester,6.82,1.58,30.1,7
2009,457456,Jo-Jo Reyes,7.0,1.48,27.0,5
2009,457468,Josh Banks,7.15,1.5,22.2,3
2009,445968,Dana Eveland,7.16,2.18,44.0,9
2009,448656,Chad Reineke,7.2,1.4,5.0,1
2009,132260,Sidney Ponson,7.36,1.77,58.2,9
2009,547749,Junichi Tazawa,7.46,2.05,25.1,4
2009,425883,Dontrelle Willis,7.49,1.93,33.2,7
2009,458155,Joe Martinez,7.5,1.93,30.0,5
2009,502188,Jeff Samardzija,7.53,1.76,34.2,2
2009,489150,Clayton Mortensen,7.63,1.79,30.2,6
2009,435140,Hayden Penn,7.77,2.27,22.0,1
2009,448179,Rich Hill,7.8,1.87,57.2,13
2009,434590,Yorman Bazardo,7.88,1.84,32.0,6
2009,446248,Bryan Augenstein,7.94,1.71,17.0,2
2009,284566,Adam Eaton,8.08,1.88,49.0,8
2009,453381,Kevin Mulvey,8.14,1.68,24.1,4
2009,501869,Graham Taylor,8.18,2.55,11.0,3
2009,460260,Scott Lewis,8.31,1.85,4.1,1
2009,446641,Wilton Lopez,8.38,2.07,19.1,2
2009,150249,Kris Benson,8.46,2.01,22.1,2
2009,400067,Carlos Silva,8.6,1.71,30.1,6
2009,425827,Jeremy Bonderman,8.71,2.32,10.1,1
2009,477581,Walter Silva,8.76,1.99,24.2,6
2009,471911,Carlos Carrasco,8.87,2.28,22.1,5
2009,446209,Jesse Litsch,9.0,1.67,9.0,2
2009,471162,Anthony Ortega,9.24,1.97,12.2,3
2009,435638,Zach Jackson,9.35,2.08,8.2,1
2009,476601,Michael Bowden,9.56,1.81,16.0,1
2009,502208,P.J. Walters,9.56,1.88,16.0,1
2009,425426,Chien-Ming Wang,9.64,2.02,42.0,9
2009,457707,Trevor Bell,9.74,2.51,20.1,4
2009,430580,Alfredo Simon,9.95,1.58,6.1,2
2009,430837,Lenny DiNardo,10.13,2.63,21.1,5
2009,407840,Brandon Backe,10.38,2.08,13.0,1
2009,425655,John Koronka,11.05,2.45,7.1,2
2009,502165,Drew Carpenter,11.12,2.65,5.2,1
2009,460044,Cesar Carrillo,13.06,2.71,10.1,3
2009,425630,Brandon Webb,13.5,2.0,4.0,1
2009,502166,Brad Mills,14.09,2.61,7.2,2
2009,434638,Brian Burres,14.21,2.68,6.1,2
2009,471803,Armando Gabino,17.18,3.82,3.2,1
2010,432934,Chris Young,0.9,1.05,20.0,4
2010,474699,Vance Worley,1.38,0.92,13.0,2
2010,449161,Mark Rogers,1.8,0.5,10.0,2
2010,431162,Tim Stauffer,1.85,1.08,82.2,7
2010,518716,Dillon Gee,2.18,1.21,33.0,5
2010,433587,Félix Hernández,2.27,1.06,249.2,34
2010,435178,Josh Johnson,2.3,1.11,183.2,28
2010,453329,Clay Buchholz,2.33,1.2,173.2,28
2010,425794,Adam Wainwright,2.42,1.05,230.1,33
2010,136880,Roy Halladay,2.44,1.04,250.2,33
2010,543339,Daniel Hudson,2.45,1.0,95.1,14
2010,429718,Shawn Hill,2.61,1.35,20.2,4
2010,488846,Brian Duensing,2.62,1.2,130.2,13
2010,448802,Jaime García,2.7,1.32,163.1,28
2010,456034,David Price,2.72,1.19,208.2,31
2010,400061,Roy Oswalt,2.76,1.03,211.2,32
2010,474463,Brett Anderson,2.8,1.19,112.1,19
2010,218596,Tim Hudson,2.83,1.15,228.2,34
2010,285079,R.A. Dickey,2.84,1.19,174.1,26
2010,434622,Ubaldo Jiménez,2.88,1.15,221.2,33
2010,407113,Justin Duchscherer,2.89,1.36,28.0,5
2010,477132,Clayton Kershaw,2.91,1.18,204.1,32
2010,544931,Stephen Strasburg,2.91,1.07,68.0,12
2010,502009,Mat Latos,2.92,1.08,184.2,31
2010,502239,Trevor Cahill,2.97,1.11,196.2,30
2010,276371,Johan Santana,2.98,1.18,199.0,29
2010,545404,Brandon Beachy,3.0,1.53,15.0,3
2010,518516,Madison Bumgarner,3.0,1.31,111.0,18
2010,450308,Jered Weaver,3.01,1.07,224.1,34
2010,450864,Bobby Cramer,3.04,1.1,23.2,4
2010,476011,Matt Maloney,3.05,1.21,20.2,2
2010,430935,Cole Hamels,3.06,1.18,208.2,33
2010,456043,Jonathan Sánchez,3.07,1.23,193.1,33
2010,408206,Brett Myers,3.14,1.24,223.2,33
2010,430912,Matt Cain,3.14,1.08,223.1,33
2010,424324,Cliff Lee,3.18,1.0,212.1,28
2010,282332,CC Sabathia,3.18,1.19,237.2,34
2010,112020,Chris Carpenter,3.22,1.18,235.0,35
2010,461829,Gio Gonzalez,3.23,1.31,200.2,33
2010,207267,Brad Penny,3.23,1.29,55.2,9
2010,452657,Jon Lester,3.25,1.2,208.0,32
2010,468504,Jhoulys Chacín,3.28,1.27,137.1,21
2010,120485,Andy Pettitte,3.28,1.27,129.0,21
2010,150153,Nelson Figueroa,3.29,1.27,93.0,11
2010,430683,Justin Germano,3.31,0.99,35.1,1
2010,462102,Tommy Hanson,3.33,1.17,202.2,34
2010,407296,Carlos Zambrano,3.33,1.45,129.2,20
2010,429901,Sergio Mitre,3.33,1.09,54.0,3
2010,450351,C.J. Wilson,3.35,1.25,204.0,33
2010,434378,Justin Verlander,3.37,1.16,224.1,33
2010,493133,Hiroki Kuroda,3.39,1.16,196.1,31
2010,457918,J.A. Happ,3.4,1.37,87.1,16
2010,453311,Tim Lincecum,3.43,1.27,212.1,33
2010,279782,Jon Garland,3.47,1.32,200.0,33
2010,476451,Jeremy Hellickson,3.47,1.1,36.1,4
2010,453286,Max Scherzer,3.5,1.25,195.2,31
2010,460284,Dallas Braden,3.5,1.16,192.2,30
2010,475243,Travis Wood,3.51,1.08,102.2,17
2010,434671,Aníbal Sánchez,3.55,1.34,195.0,32
2010,451532,Chad Billingsley,3.57,1.28,191.2,31
2010,453889,Matt Chico,3.6,1.2,5.0,1
2010,434643,Wandy Rodriguez,3.6,1.29,195.0,32
2010,538227,Hisanori Takahashi,3.61,1.3,122.0,12
2010,434538,Francisco Liriano,3.62,1.26,191.2,31
2010,150404,Ted Lilly,3.62,1.08,193.2,30
2010,456501,Johnny Cueto,3.64,1.28,185.2,31
2010,451788,Shaun Marcum,3.64,1.15,195.1,31
2010,115817,Livan Hernandez,3.66,1.32,211.2,33
2010,460059,Mike Pelfrey,3.66,1.38,204.0,33
2010,450665,Kris Medlen,3.68,1.2,107.2,14
2010,110683,Miguel Batista,3.7,1.33,82.2,1
2010,407890,Colby Lewis,3.72,1.19,201.0,32
2010,433579,John Danks,3.72,1.22,213.0,32
2010,488984,Tommy Hunter,3.73,1.24,128.0,22
2010,460069,Ricky Romero,3.73,1.29,210.0,32
2010,502253,Alex Sanabia,3.73,1.24,72.1,12
2010,134321,Carl Pavano,3.75,1.19,221.0,32
2010,453385,Clayton Richard,3.75,1.41,201.2,33
2010,457435,Phil Coke,3.76,1.44,64.2,1
2010,433584,Roberto Hernandez,3.77,1.31,210.1,33
2010,450306,Jason Vargas,3.78,1.25,192.2,31
2010,453178,Ian Kennedy,3.8,1.2,194.0,32
2010,435619,Pat Misch,3.82,1.25,37.2,6
2010,425386,Jeremy Guthrie,3.83,1.16,209.1,32
2010,471911,Carlos Carrasco,3.83,1.37,44.2,7
2010,334492,Joel Pineiro,3.84,1.24,152.1,23
2010,451596,Yovani Gallardo,3.84,1.37,185.0,31
2010,133225,Ryan Dempster,3.85,1.32,215.1,34
2010,276520,Bronson Arroyo,3.88,1.15,215.2,33
2010,346801,Brad Thomas,3.89,1.53,69.1,2
2010,429717,Dan Haren,3.91,1.27,235.0,35
2010,446264,Barry Enright,3.91,1.27,99.0,17
2010,490063,Matt Garza,3.91,1.25,204.2,32
2010,429722,Ervin Santana,3.92,1.32,222.2,33
2010,425626,Chris Capuano,3.95,1.3,66.0,9
2010,117955,Derek Lowe,4.0,1.37,193.2,33
2010,457428,James McDonald,4.02,1.38,71.2,12
2010,456102,David Pauley,4.07,1.31,90.2,15
2010,456027,Ross Ohlendorf,4.07,1.38,108.1,21
2010,451584,Wade Davis,4.07,1.35,168.0,29
2010,218894,Vicente Padilla,4.07,1.08,95.0,16
2010,458537,Cory Luebke,4.08,1.3,17.2,3
2010,502706,Derek Holland,4.08,1.38,57.1,10
2010,425856,Gavin Floyd,4.08,1.37,187.1,31
2010,452733,Tom Gorzelanny,4.09,1.5,136.1,23
2010,488787,Casey Coleman,4.11,1.42,57.0,8
2010,450729,Doug Fister,4.11,1.28,171.0,28
2010,458155,Joe Martinez,4.12,1.78,19.2,1
2010,455605,J.D. Martin,4.13,1.4,48.0,9
2010,458950,Philip Humber,4.15,1.34,21.2,1
2010,217096,Barry Zito,4.15,1.34,199.1,33
2010,136600,Bruce Chen,4.17,1.38,140.1,23
2010,425844,Zack Greinke,4.17,1.25,220.0,33
2010,150116,Randy Wolf,4.17,1.39,215.2,34
2010,461833,Phil Hughes,4.19,1.25,176.1,29
2010,477003,Jonathon Niese,4.2,1.46,173.2,30
2010,407822,Jorge De La Rosa,4.22,1.32,121.2,20
2010,150414,Jake Westbrook,4.22,1.34,202.2,33
2010,400067,Carlos Silva,4.22,1.27,113.0,21
2010,446399,Brett Cecil,4.22,1.33,172.2,28
2010,502190,Mike Leake,4.23,1.5,138.1,22
2010,446321,Ross Detwiler,4.25,1.62,29.2,5
2010,453281,Wade LeBlanc,4.25,1.42,146.0,25
2010,448694,Randy Wells,4.26,1.4,194.1,32
2010,476570,Vin Mazzaro,4.27,1.45,122.1,18
2010,279824,Mark Buehrle,4.28,1.4,210.1,33
2010,430962,Dustin Nippert,4.29,1.68,56.2,2
2010,451085,Brian Matusz,4.3,1.34,175.2,32
2010,450172,Edinson Volquez,4.31,1.5,62.2,12
2010,456696,David Hernandez,4.31,1.44,79.1,8
2010,467094,Félix Doubront,4.32,1.48,25.0,3
2010,467856,Carlos Monasterios,4.38,1.45,88.1,13
2010,435298,Jeff Niemann,4.39,1.26,174.1,29
2010,407793,John Lackey,4.4,1.42,215.0,33
2010,452676,Mitch Talbot,4.41,1.49,159.1,28
2010,458567,Andy Sonnanstine,4.44,1.36,81.0,4
2010,458713,Kevin Slowey,4.45,1.29,155.2,28
2010,456701,Homer Bailey,4.46,1.37,109.0,19
2010,434578,Joe Saunders,4.47,1.46,203.1,33
2010,429719,Edwin Jackson,4.47,1.39,209.1,32
2010,451482,Armando Galarraga,4.49,1.34,144.1,24
2010,453344,Brandon Morrow,4.49,1.38,146.1,26
2010,435044,Scott Baker,4.49,1.34,170.1,29
2010,425786,Scott Atchison,4.5,1.28,60.0,1
2010,459967,Sam LeCure,4.5,1.56,48.0,6
2010,489150,Clayton Mortensen,4.5,1.33,6.0,1
2010,467100,Iván Nova,4.5,1.45,42.0,7
2010,445060,Ricky Nolasco,4.51,1.28,157.2,26
2010,282656,Ben Sheets,4.53,1.39,119.1,20
2010,444836,Aaron Laffey,4.53,1.62,55.2,5
2010,433657,Dave Bush,4.54,1.51,174.1,31
2010,461212,Matt Palmer,4.54,1.72,33.2,1
2010,458708,Josh Tomlin,4.56,1.25,73.0,12
2010,458690,Chris Volstad,4.58,1.41,175.0,30
2010,516769,Jenrry Mejia,4.62,1.69,39.0,3
2010,408241,Jake Peavy,4.63,1.23,107.0,17
2010,444382,Eddie Bonine,4.63,1.56,68.0,1
2010,457453,Jair Jurrjens,4.64,1.39,116.1,20
2010,150119,Freddy Garcia,4.64,1.38,157.0,28
2010,458709,John Lannan,4.65,1.56,143.1,25
2010,407901,Jorge Sosa,4.66,1.55,36.2,2
2010,453562,Jake Arrieta,4.66,1.53,100.1,18
2010,491646,Jeanmar Gómez,4.68,1.65,57.2,11
2010,493137,Daisuke Matsuzaka,4.69,1.37,153.2,25
2010,475416,Justin Masterson,4.7,1.5,180.0,29
2010,457448,Matt Harrison,4.71,1.52,78.1,6
2010,457707,Trevor Bell,4.72,1.61,61.0,7
2010,452718,Kyle Kendrick,4.73,1.37,180.2,31
2010,475138,Kyle Drabek,4.76,1.35,17.0,3
2010,460024,Luke Hochevar,4.81,1.43,103.0,17
2010,434628,Jason Hammel,4.81,1.4,177.2,30
2010,430599,Joe Blanton,4.82,1.42,175.2,28
2010,448287,Luke French,4.83,1.33,87.2,13
2010,119469,Jamie Moyer,4.84,1.1,111.2,19
2010,449173,Lucas Harrell,4.88,2.13,24.0,3
2010,460257,Matt Fox,4.91,1.36,7.1,1
2010,447744,Raul Valdes,4.91,1.47,58.2,1
2010,444371,Jeff Karstens,4.92,1.41,122.2,19
2010,502032,Bud Norris,4.92,1.48,153.2,27
2010,119215,Brian Moehler,4.92,1.62,56.2,8
2010,519144,Rick Porcello,4.92,1.39,162.2,27
2010,519455,Jordan Zimmermann,4.94,1.32,31.0,7
2010,519240,Marc Rzepczynski,4.95,1.6,63.2,12
2010,400291,Dustin Moseley,4.96,1.42,65.1,9
2010,448269,Brad Bergesen,4.98,1.44,170.0,28
2010,458003,Blake Hawksworth,4.98,1.64,90.1,8
2010,434638,Brian Burres,4.99,1.53,79.1,13
2010,429780,Chris Narveson,4.99,1.38,167.2,28
2010,150438,Rodrigo Lopez,5.0,1.42,200.0,33
2010,433585,Jeff Francis,5.0,1.36,104.1,19
2010,448159,Manny Parra,5.02,1.62,122.0,16
2010,122987,Jeff Suppan,5.06,1.65,101.1,15
2010,346871,Aaron Cook,5.08,1.56,127.2,23
2010,462995,Rick Van Den Hurk,5.09,1.36,17.2,1
2010,430963,Ramon Pena,5.1,1.52,100.2,3
2010,119154,Kevin Millwood,5.1,1.51,190.2,31
2010,430904,Paul Maholm,5.1,1.56,185.1,32
2010,462956,Felipe Paulino,5.11,1.54,91.2,14
2010,458657,Adalberto Mendez,5.11,1.62,24.2,5
2010,489334,Craig Stammen,5.13,1.5,128.0,19
2010,150249,Kris Benson,5.14,1.71,14.0,3
2010,457447,Luis Atilano,5.15,1.49,85.2,16
2010,499877,Kenshin Kawakami,5.15,1.49,87.1,16
2010,448306,James Shields,5.18,1.46,203.1,33
2010,150359,A.J. Burnett,5.26,1.51,186.2,33
2010,424805,Mark Hendrickson,5.26,1.55,75.1,1
2010,453249,Jeff Manship,5.28,1.38,29.0,1
2010,276912,Scot Shields,5.28,1.72,46.0,1
2010,421685,Aaron Harang,5.32,1.59,111.2,20
2010,134320,Javier Vazquez,5.32,1.4,157.1,26
2010,123801,Tim Wakefield,5.34,1.35,140.0,19
2010,434678,Kyle Davies,5.34,1.56,183.2,32
2010,429781,Kevin Correia,5.4,1.49,145.0,26
2010,452241,Garrett Mock,5.4,2.7,3.1,1
2010,448147,Nick Blackburn,5.42,1.45,161.0,26
2010,444857,Scott Feldman,5.48,1.6,141.1,22
2010,457711,Sean O'Sullivan,5.49,1.45,83.2,14
2010,518655,John Ely,5.49,1.45,100.0,18
2010,475115,Tyson Ross,5.49,1.5,39.1,2
2010,425827,Jeremy Bonderman,5.53,1.44,171.0,29
2010,435179,Scott Olsen,5.56,1.48,81.0,15
2010,425848,Rich Harden,5.58,1.66,92.0,18
2010,425883,Dontrelle Willis,5.62,1.95,65.2,13
2010,502166,Brad Mills,5.64,1.48,22.1,3
2010,425487,Todd Wellemeyer,5.68,1.57,58.2,11
2010,219194,Gil Meche,5.69,1.67,61.2,9
2010,435043,Zach Duke,5.72,1.65,159.0,29
2010,449079,Wesley Wright,5.73,1.52,33.0,4
2010,277417,Josh Beckett,5.78,1.54,127.2,21
2010,446209,Jesse Litsch,5.79,1.46,46.2,9
2010,450282,Glen Perkins,5.82,1.57,21.2,1
2010,501957,Chris Tillman,5.87,1.53,53.2,11
2010,493337,Yunesky Maya,5.88,1.58,26.0,5
2010,431148,Scott Kazmir,5.94,1.58,150.0,28
2010,425146,Nate Robertson,5.95,1.55,101.1,18
2010,501985,Mike Minor,5.98,1.57,40.2,8
2010,430588,Fernando Nieve,6.0,1.4,42.0,1
2010,502208,P.J. Walters,6.0,1.4,30.0,3
2010,425860,Bryan Bullington,6.12,1.59,42.2,5
2010,445216,Daniel McCutchen,6.12,1.64,67.2,9
2010,469134,Esmil Rogers,6.13,1.67,72.0,8
2010,429720,John Maine,6.13,1.82,39.2,9
2010,453307,David Huff,6.21,1.69,79.2,15
2010,460105,Greg Smith,6.23,1.87,39.0,8
2010,150009,Ramón Ortiz,6.3,1.63,30.0,2
2010,446454,Brian Bannister,6.34,1.63,127.2,23
2010,425226,Brian Tallet,6.4,1.58,77.1,5
2010,430636,Ian Snell,6.41,1.83,46.1,8
2010,346798,Kyle Lohse,6.55,1.78,92.0,18
2010,150302,Jason Marquis,6.6,1.7,58.2,13
2010,453184,Brad Lincoln,6.66,1.54,52.2,9
2010,451628,Alfredo Figaro,6.75,1.77,14.2,1
2010,476127,Zach Kroenke,6.75,1.95,6.2,1
2010,434884,Ryan Rowland-Smith,6.75,1.69,109.1,20
2010,445968,Dana Eveland,6.79,1.91,54.1,10
2010,424144,Oliver Pérez,6.8,2.07,46.1,7
2010,435080,Thomas Diamond,6.83,1.76,29.0,3
2010,501989,Andy Oliver,7.36,1.77,22.0,5
2010,150277,Doug Davis,7.51,1.98,38.1,8
2010,450203,Charlie Morton,7.57,1.73,79.2,17
2010,491624,César Valdez,7.65,1.95,20.0,2
2010,476811,Sean West,7.71,2.04,9.1,2
2010,502188,Jeff Samardzija,8.38,2.12,19.1,3
2010,446624,Charlie Haeger,8.4,2.07,30.0,6
2010,493603,Adam Ottavino,8.46,2.06,22.1,3
2010,453192,Andrew Miller,8.54,2.36,32.2,7
2010,434679,Anthony Lerew,8.54,1.63,26.1,6
2010,448614,Carlos Torres,8.56,2.34,13.2,1
2010,449110,Omar Beltre,9.0,2.29,7.0,2
2010,462136,Marco Estrada,9.53,1.76,11.1,1
2010,434438,Billy Buckner,11.08,2.38,13.0,3
2010,457468,Josh Banks,13.5,3.0,4.0,1
2010,499856,Chris Jakubauskas,27.0,3.0,0.2,1
2011,519105,Jarrod Parker,0.0,0.88,5.2,1
2011,502748,Brad Peacock,0.75,1.08,12.0,2
2011,434669,Luis Mendoza,1.23,1.09,14.2,2
2011,544931,Stephen Strasburg,1.5,0.71,24.0,5
2011,435178,Josh Johnson,1.64,0.98,60.1,9
2011,542914,Anthony Bass,1.68,1.28,48.1,3
2011,488768,Andrew Cashner,1.69,0.66,10.2,1
2011,432934,Chris Young,1.88,0.96,24.0,4
2011,477132,Clayton Kershaw,2.28,0.98,233.1,33
2011,456501,Johnny Cueto,2.31,1.09,156.0,24
2011,136880,Roy Halladay,2.35,1.04,233.2,32
2011,424324,Cliff Lee,2.4,1.03,232.2,32
2011,434378,Justin Verlander,2.4,0.92,251.0,34
2011,450308,Jered Weaver,2.41,1.01,235.2,33
2011,469686,Alfredo Aceves,2.61,1.11,114.0,4
2011,285064,Ryan Vogelsong,2.71,1.25,179.2,28
2011,453311,Tim Lincecum,2.74,1.21,217.0,33
2011,475115,Tyson Ross,2.75,1.28,36.0,6
2011,430935,Cole Hamels,2.79,0.99,216.0,31
2011,448306,James Shields,2.82,1.04,249.1,33
2011,517414,Randall Delgado,2.83,1.23,35.0,7
2011,450729,Doug Fister,2.83,1.06,216.1,31
2011,453178,Ian Kennedy,2.88,1.09,222.0,33
2011,430912,Matt Cain,2.88,1.08,221.2,33
2011,277417,Josh Beckett,2.89,1.03,193.0,30
2011,518420,Dylan Axelrod,2.89,1.45,18.2,3
2011,519043,Matt Moore,2.89,1.29,9.1,1
2011,460069,Ricky Romero,2.92,1.14,225.0,32
2011,450351,C.J. Wilson,2.94,1.19,223.1,34
2011,476451,Jeremy Hellickson,2.95,1.15,189.0,29
2011,457453,Jair Jurrjens,2.96,1.22,152.0,23
2011,282332,CC Sabathia,3.0,1.23,237.1,33
2011,460284,Dallas Braden,3.0,1.28,18.0,3
2011,446321,Ross Detwiler,3.0,1.26,66.0,10
2011,474699,Vance Worley,3.01,1.23,131.2,21
2011,445968,Dana Eveland,3.03,1.15,29.2,5
2011,493133,Hiroki Kuroda,3.07,1.21,202.0,32
2011,458681,Lance Lynn,3.12,1.04,34.2,2
2011,461829,Gio Gonzalez,3.12,1.32,202.0,32
2011,435044,Scott Baker,3.14,1.17,134.2,21
2011,429717,Dan Haren,3.17,1.02,238.1,34
2011,519455,Jordan Zimmermann,3.18,1.15,161.1,26
2011,475416,Justin Masterson,3.21,1.28,216.0,33
2011,518516,Madison Bumgarner,3.21,1.21,204.2,33
2011,452718,Kyle Kendrick,3.22,1.22,114.2,15
2011,218596,Tim Hudson,3.22,1.14,215.0,33
2011,505447,Brandon Dickson,3.24,1.44,8.1,1
2011,502253,Alex Sanabia,3.27,1.45,11.0,2
2011,501870,Everett Teaford,3.27,1.14,44.0,3
2011,285079,R.A. Dickey,3.28,1.23,208.2,32
2011,458537,Cory Luebke,3.29,1.07,139.2,17
2011,400291,Dustin Moseley,3.3,1.28,120.0,20
2011,490063,Matt Garza,3.32,1.26,198.0,31
2011,435221,Brandon McCarthy,3.32,1.13,170.2,25
2011,446861,Guillermo Moscoso,3.38,1.09,128.0,21
2011,444371,Jeff Karstens,3.38,1.21,162.1,26
2011,518567,Josh Collmenter,3.38,1.07,154.1,24
2011,429722,Ervin Santana,3.38,1.22,228.2,33
2011,346798,Kyle Lohse,3.39,1.17,188.1,30
2011,457448,Matt Harrison,3.39,1.28,185.2,30
2011,502171,Alex Cobb,3.42,1.33,52.2,9
2011,112020,Chris Carpenter,3.45,1.26,237.1,34
2011,433587,Félix Hernández,3.47,1.22,233.2,33
2011,502009,Mat Latos,3.47,1.18,194.1,31
2011,452657,Jon Lester,3.47,1.26,191.2,31
2011,453329,Clay Buchholz,3.48,1.29,82.2,14
2011,543339,Daniel Hudson,3.49,1.2,222.0,33
2011,434643,Wandy Rodriguez,3.49,1.31,191.0,30
2011,456034,David Price,3.49,1.14,224.1,34
2011,407822,Jorge De La Rosa,3.51,1.19,59.0,10
2011,468396,Alexi Ogando,3.51,1.14,169.0,29
2011,451596,Yovani Gallardo,3.52,1.22,207.1,33
2011,506693,Henderson Alvarez,3.53,1.13,63.2,10
2011,451788,Shaun Marcum,3.54,1.16,200.2,33
2011,448802,Jaime García,3.56,1.32,194.2,32
2011,452249,Micah Owings,3.57,1.25,63.0,4
2011,279824,Mark Buehrle,3.59,1.3,205.1,31
2011,110683,Miguel Batista,3.6,1.37,60.0,5
2011,462102,Tommy Hanson,3.6,1.17,130.0,22
2011,407853,Erik Bedard,3.62,1.28,129.1,24
2011,468504,Jhoulys Chacín,3.62,1.31,194.0,31
2011,150119,Freddy Garcia,3.62,1.34,146.2,25
2011,543135,Nathan Eovaldi,3.63,1.38,34.2,6
2011,421685,Aaron Harang,3.64,1.37,170.2,28
2011,430904,Paul Maholm,3.66,1.29,162.1,26
2011,434671,Aníbal Sánchez,3.67,1.28,196.1,32
2011,425532,Jerome Williams,3.68,1.36,44.0,6
2011,545404,Brandon Beachy,3.68,1.21,141.2,25
2011,150116,Randy Wolf,3.69,1.32,212.1,33
2011,134320,Javier Vazquez,3.69,1.18,192.2,32
2011,400061,Roy Oswalt,3.69,1.34,139.0,23
2011,434578,Joe Saunders,3.69,1.31,212.0,33
2011,467100,Iván Nova,3.7,1.33,165.1,27
2011,489189,Josh Outman,3.7,1.46,58.1,9
2011,458709,John Lannan,3.7,1.46,184.2,33
2011,459967,Sam LeCure,3.71,1.0,77.2,4
2011,523989,Rubby De La Rosa,3.71,1.4,60.2,10
2011,431162,Tim Stauffer,3.73,1.25,185.2,31
2011,501381,Michael Pineda,3.74,1.1,171.0,28
2011,458950,Philip Humber,3.75,1.18,163.0,26
2011,136600,Bruce Chen,3.77,1.3,155.0,25
2011,502032,Bud Norris,3.77,1.33,186.0,31
2011,429719,Edwin Jackson,3.79,1.44,199.2,31
2011,543548,Tommy Milone,3.81,1.23,26.0,5
2011,425844,Zack Greinke,3.83,1.2,171.2,28
2011,450203,Charlie Morton,3.83,1.53,171.2,29
2011,434638,Brian Burres,3.86,1.14,14.0,2
2011,489150,Clayton Mortensen,3.86,1.35,58.1,6
2011,502190,Mike Leake,3.86,1.17,167.2,26
2011,453385,Clayton Richard,3.88,1.42,99.2,18
2011,444857,Scott Feldman,3.94,1.09,32.0,2
2011,430083,Brian Sanches,3.94,1.43,61.2,2
2011,502706,Derek Holland,3.95,1.35,198.0,32
2011,453232,Graham Godfrey,3.96,1.48,25.0,4
2011,150404,Ted Lilly,3.97,1.16,192.2,33
2011,119154,Kevin Millwood,3.98,1.21,54.1,9
2011,474463,Brett Anderson,4.0,1.33,83.1,13
2011,112526,Bartolo Colon,4.0,1.29,164.1,26
2011,452733,Tom Gorzelanny,4.03,1.29,105.0,15
2011,453646,Carlos Villanueva,4.04,1.26,107.0,13
2011,425426,Chien-Ming Wang,4.04,1.28,62.1,11
2011,435298,Jeff Niemann,4.06,1.24,135.1,23
2011,462136,Marco Estrada,4.08,1.21,92.2,7
2011,453307,David Huff,4.09,1.42,50.2,10
2011,460701,James Russell,4.12,1.33,67.2,5
2011,501985,Mike Minor,4.14,1.49,82.2,15
2011,504379,Juan Nicasio,4.14,1.27,71.2,13
2011,502239,Trevor Cahill,4.16,1.43,207.2,34
2011,449072,Kyle McClellan,4.19,1.31,141.2,17
2011,543272,Brad Hand,4.2,1.47,60.0,12
2011,457428,James McDonald,4.21,1.49,171.0,31
2011,451532,Chad Billingsley,4.21,1.45,188.0,32
2011,458708,Josh Tomlin,4.25,1.08,165.1,26
2011,450306,Jason Vargas,4.25,1.31,201.0,32
2011,518655,John Ely,4.26,1.5,12.2,1
2011,456043,Jonathan Sánchez,4.26,1.44,101.1,19
2011,518444,Blake Beavan,4.27,1.25,97.0,15
2011,134321,Carl Pavano,4.3,1.36,222.0,33
2011,461872,Anthony Swarzak,4.32,1.34,102.0,11
2011,425386,Jeremy Guthrie,4.33,1.34,208.0,32
2011,433579,John Danks,4.33,1.34,170.1,27
2011,279782,Jon Garland,4.33,1.39,54.0,9
2011,502102,Duane Below,4.34,1.34,29.0,2
2011,425856,Gavin Floyd,4.37,1.16,193.2,30
2011,407890,Colby Lewis,4.4,1.21,200.1,32
2011,477003,Jonathon Niese,4.4,1.41,157.1,26
2011,150438,Rodrigo Lopez,4.42,1.48,97.2,16
2011,518716,Dillon Gee,4.43,1.38,160.2,27
2011,453286,Max Scherzer,4.43,1.35,195.0,33
2011,456701,Homer Bailey,4.43,1.28,132.0,22
2011,150302,Jason Marquis,4.43,1.49,132.0,23
2011,446209,Jesse Litsch,4.44,1.29,75.0,8
2011,451584,Wade Davis,4.45,1.38,184.0,29
2011,429780,Chris Narveson,4.45,1.39,161.2,28
2011,462956,Felipe Paulino,4.46,1.44,139.1,20
2011,408206,Brett Myers,4.46,1.31,216.0,33
2011,115817,Livan Hernandez,4.47,1.4,175.1,29
2011,457435,Phil Coke,4.47,1.45,108.2,14
2011,456051,Hector Noesí,4.47,1.51,56.1,2
2011,491646,Jeanmar Gómez,4.47,1.51,58.1,10
2011,448147,Nick Blackburn,4.49,1.6,148.1,26
2011,449173,Lucas Harrell,4.5,1.72,18.0,2
2011,489119,Wade Miley,4.5,1.65,40.0,7
2011,425626,Chris Capuano,4.55,1.35,186.0,31
2011,502154,Zack Britton,4.61,1.45,154.1,28
2011,471911,Carlos Carrasco,4.62,1.36,124.2,21
2011,502264,Nate Adcock,4.62,1.48,60.1,3
2011,453281,Wade LeBlanc,4.63,1.41,79.2,14
2011,150414,Jake Westbrook,4.66,1.53,183.1,33
2011,445060,Ricky Nolasco,4.67,1.4,206.0,33
2011,488984,Tommy Hunter,4.68,1.36,84.2,11
2011,460024,Luke Hochevar,4.68,1.28,198.0,31
2011,434622,Ubaldo Jiménez,4.68,1.4,188.1,32
2011,452737,Chris Schwinden,4.71,1.38,21.0,4
2011,453344,Brandon Morrow,4.72,1.29,179.1,30
2011,453184,Brad Lincoln,4.72,1.47,47.2,8
2011,446399,Brett Cecil,4.73,1.33,123.2,20
2011,460059,Mike Pelfrey,4.74,1.47,193.2,33
2011,519144,Rick Porcello,4.75,1.41,182.0,31
2011,543022,Tyler Chatwood,4.75,1.67,142.0,25
2011,434628,Jason Hammel,4.76,1.43,170.1,27
2011,429781,Kevin Correia,4.79,1.39,154.0,26
2011,133225,Ryan Dempster,4.8,1.45,202.1,34
2011,407296,Carlos Zambrano,4.82,1.44,145.2,24
2011,433585,Jeff Francis,4.82,1.44,183.0,31
2011,475243,Travis Wood,4.84,1.49,106.0,18
2011,150009,Ramón Ortiz,4.86,1.26,33.1,2
2011,458690,Chris Volstad,4.89,1.42,165.2,29
2011,430580,Alfredo Simon,4.9,1.45,115.2,16
2011,408241,Jake Peavy,4.92,1.26,111.2,18
2011,435043,Zach Duke,4.93,1.57,76.2,9
2011,448694,Randy Wells,4.99,1.39,135.1,23
2011,425883,Dontrelle Willis,5.0,1.52,75.2,13
2011,430599,Joe Blanton,5.01,1.48,41.1,8
2011,527054,Julio Teheran,5.03,1.47,19.2,3
2011,453562,Jake Arrieta,5.05,1.46,119.1,22
2011,117955,Derek Lowe,5.05,1.51,187.0,34
2011,276520,Bronson Arroyo,5.07,1.37,199.0,32
2011,539438,Scott Diamond,5.08,1.74,39.0,7
2011,434538,Francisco Liriano,5.09,1.49,134.1,24
2011,425848,Rich Harden,5.12,1.43,82.2,15
2011,123801,Tim Wakefield,5.12,1.36,154.2,23
2011,469802,Luis Pérez,5.12,1.55,65.0,4
2011,334492,Joel Pineiro,5.13,1.51,145.2,24
2011,150359,A.J. Burnett,5.15,1.43,190.1,32
2011,454535,Clay Hensley,5.19,1.36,67.2,9
2011,430950,Brian Gordon,5.23,1.45,10.1,2
2011,464400,Henry Sosa,5.23,1.44,53.1,10
2011,488846,Brian Duensing,5.23,1.52,161.2,28
2011,493337,Yunesky Maya,5.23,1.53,32.2,5
2011,433584,Roberto Hernandez,5.25,1.4,188.2,32
2011,444553,Aneury Rodriguez,5.27,1.35,85.1,8
2011,207267,Brad Penny,5.3,1.56,181.2,31
2011,493137,Daisuke Matsuzaka,5.3,1.47,37.1,7
2011,457918,J.A. Happ,5.35,1.54,156.1,28
2011,543475,Jordan Lyles,5.36,1.41,94.0,15
2011,519141,Drew Pomeranz,5.4,1.31,18.1,4
2011,518703,Charlie Furbush,5.48,1.49,85.1,12
2011,501957,Chris Tillman,5.52,1.65,62.0,13
2011,453192,Andrew Miller,5.54,1.82,65.0,12
2011,458567,Andy Sonnanstine,5.55,1.46,35.2,4
2011,457456,Jo-Jo Reyes,5.57,1.59,140.2,25
2011,518633,Danny Duffy,5.64,1.61,105.1,20
2011,448269,Brad Bergesen,5.7,1.5,101.0,12
2011,450172,Edinson Volquez,5.71,1.57,108.2,20
2011,499856,Chris Jakubauskas,5.72,1.69,72.1,6
2011,474668,Eric Surkamp,5.74,1.84,26.2,6
2011,461212,Matt Palmer,5.74,1.47,15.2,3
2011,433657,Dave Bush,5.79,1.5,37.1,3
2011,461833,Phil Hughes,5.79,1.49,74.2,14
2011,572070,Garrett Richards,5.79,1.64,14.0,3
2011,217096,Barry Zito,5.87,1.4,53.2,9
2011,543819,Zach Stewart,5.88,1.6,67.1,11
2011,451482,Armando Galarraga,5.91,1.62,42.2,8
2011,425647,D.J. Carrasco,6.02,1.68,49.1,1
2011,346871,Aaron Cook,6.03,1.69,97.0,17
2011,475138,Kyle Drabek,6.06,1.81,78.2,14
2011,502083,Zach McAllister,6.11,1.87,17.2,4
2011,521230,Liam Hendriks,6.17,1.5,23.1,4
2011,453353,Greg Reynolds,6.19,1.56,32.0,3
2011,502130,Dan Runzler,6.26,1.65,27.1,1
2011,488787,Casey Coleman,6.4,1.75,84.1,17
2011,407793,John Lackey,6.41,1.62,160.0,28
2011,430661,Dustin McGowan,6.43,1.57,21.0,4
2011,502046,Jeff Locke,6.48,1.86,16.2,4
2011,150277,Doug Davis,6.5,1.86,45.2,9
2011,501989,Andy Oliver,6.52,1.97,9.2,2
2011,452676,Mitch Talbot,6.64,1.85,63.2,12
2011,458713,Kevin Slowey,6.67,1.4,59.1,8
2011,476454,Dellin Betances,6.75,2.63,2.2,1
2011,434678,Kyle Davies,6.75,1.79,61.1,13
2011,448656,Chad Reineke,6.75,1.65,6.2,1
2011,502229,Alex White,7.01,1.69,51.1,10
2011,457744,Aaron Thompson,7.04,2.48,7.2,1
2011,469134,Esmil Rogers,7.05,1.89,83.0,13
2011,457711,Sean O'Sullivan,7.25,1.78,58.1,10
2011,446264,Barry Enright,7.41,1.73,37.2,7
2011,475095,Kyle Weiland,7.66,1.66,24.2,5
2011,462995,Rick Van Den Hurk,8.0,2.22,9.0,2
2011,456027,Ross Ohlendorf,8.15,1.94,38.2,9
2011,476570,Vin Mazzaro,8.26,1.91,28.1,4
2011,444444,Mitch Atkins,8.44,2.25,10.2,3
2011,545363,Jacob Turner,8.53,1.66,12.2,3
2011,150153,Nelson Figueroa,8.69,2.1,29.0,5
2011,457786,Anthony Vasquez,8.9,1.91,29.1,7
2011,502055,Jay Buente,9.0,2.4,5.0,1
2011,489567,Alan Johnson,9.0,2.25,4.0,1
2011,476011,Matt Maloney,9.16,2.14,18.2,2
2011,502166,Brad Mills,9.82,1.91,18.1,4
2011,451085,Brian Matusz,10.69,2.11,49.2,12
2011,534631,Elih Villanueva,24.0,3.33,3.0,1
2011,431148,Scott Kazmir,27.0,4.2,1.2,1
2012,502166,Brad Mills,0.0,0.6,5.0,1
2012,502139,Josh Stinson,0.96,1.29,9.1,1
2012,571946,Shelby Miller,1.32,0.95,13.2,1
2012,450665,Kris Medlen,1.57,0.91,138.0,12
2012,462956,Felipe Paulino,1.67,1.22,37.2,7
2012,545404,Brandon Beachy,2.0,0.96,81.0,13
2012,459987,Cesár Ramos,2.1,0.97,30.0,1
2012,489002,Steve Johnson,2.11,1.07,38.1,4
2012,460059,Mike Pelfrey,2.29,1.42,19.2,3
2012,502264,Nate Adcock,2.34,1.44,34.2,2
2012,503449,Wily Peralta,2.48,1.21,29.0,5
2012,477132,Clayton Kershaw,2.53,1.02,227.2,33
2012,456034,David Price,2.56,1.1,211.0,31
2012,474463,Brett Anderson,2.57,1.03,35.0,6
2012,458537,Cory Luebke,2.61,1.16,31.0,5
2012,434378,Justin Verlander,2.64,1.06,238.1,33
2012,543155,Stephen Fife,2.7,1.39,26.2,5
2012,518774,Matt Harvey,2.73,1.15,59.1,10
2012,519015,Kyle McPherson,2.73,1.18,26.1,3
2012,285079,R.A. Dickey,2.73,1.05,233.2,33
2012,456501,Johnny Cueto,2.78,1.17,217.0,33
2012,430912,Matt Cain,2.79,1.04,219.1,32
2012,450308,Jered Weaver,2.81,1.02,188.2,30
2012,346798,Kyle Lohse,2.86,1.09,211.0,33
2012,120485,Andy Pettitte,2.87,1.14,75.1,12
2012,452733,Tom Gorzelanny,2.88,1.32,72.0,1
2012,461829,Gio Gonzalez,2.89,1.13,199.1,32
2012,447744,Raul Valdes,2.9,0.74,31.0,1
2012,445590,Eric Stults,2.91,1.2,99.0,15
2012,501957,Chris Tillman,2.93,1.05,86.0,15
2012,519455,Jordan Zimmermann,2.94,1.17,195.2,32
2012,453344,Brandon Morrow,2.96,1.11,124.2,21
2012,444553,Aneury Rodriguez,3.0,0.67,6.0,1
2012,519242,Chris Sale,3.05,1.14,192.0,29
2012,430935,Cole Hamels,3.05,1.12,215.1,31
2012,456167,A.J. Griffin,3.06,1.13,82.1,15
2012,433587,Félix Hernández,3.06,1.14,232.0,33
2012,435298,Jeff Niemann,3.08,1.11,38.0,8
2012,476451,Jeremy Hellickson,3.1,1.25,177.0,31
2012,150404,Ted Lilly,3.14,1.13,48.2,8
2012,424324,Cliff Lee,3.16,1.11,211.0,30
2012,547874,Hisashi Iwakuma,3.16,1.28,125.1,16
2012,544931,Stephen Strasburg,3.16,1.15,159.1,28
2012,491703,Neftalí Feliz,3.16,1.2,42.2,7
2012,435221,Brandon McCarthy,3.24,1.25,111.0,18
2012,456068,Miguel González,3.25,1.21,105.1,15
2012,468396,Alexi Ogando,3.27,1.0,66.0,1
2012,457448,Matt Harrison,3.29,1.26,213.1,32
2012,493133,Hiroki Kuroda,3.32,1.17,219.2,33
2012,502327,Héctor Santiago,3.33,1.34,70.1,4
2012,489119,Wade Miley,3.33,1.18,194.2,29
2012,475479,David Phelps,3.34,1.19,99.2,11
2012,541640,Erasmo Ramírez,3.36,1.0,59.0,8
2012,285064,Ryan Vogelsong,3.37,1.23,189.2,31
2012,518516,Madison Bumgarner,3.37,1.11,208.1,32
2012,408241,Jake Peavy,3.37,1.1,219.0,32
2012,453307,David Huff,3.38,1.31,26.2,4
2012,282332,CC Sabathia,3.38,1.14,200.0,28
2012,133225,Ryan Dempster,3.38,1.2,173.0,28
2012,446321,Ross Detwiler,3.4,1.22,164.1,27
2012,477003,Jonathon Niese,3.4,1.17,190.1,30
2012,112526,Bartolo Colon,3.43,1.21,152.1,24
2012,407890,Colby Lewis,3.43,1.08,105.0,16
2012,434628,Jason Hammel,3.43,1.24,118.0,20
2012,450729,Doug Fister,3.45,1.19,161.2,26
2012,282656,Ben Sheets,3.47,1.32,49.1,9
2012,519105,Jarrod Parker,3.47,1.26,181.1,29
2012,425844,Zack Greinke,3.48,1.2,212.1,34
2012,502009,Mat Latos,3.48,1.16,209.1,33
2012,150359,A.J. Burnett,3.51,1.24,202.1,31
2012,448306,James Shields,3.52,1.17,227.2,33
2012,523260,Joe Kelly,3.53,1.38,107.0,16
2012,539438,Scott Diamond,3.54,1.24,173.0,27
2012,451532,Chad Billingsley,3.55,1.29,149.2,25
2012,421685,Aaron Harang,3.61,1.4,179.2,31
2012,218596,Tim Hudson,3.62,1.21,179.0,28
2012,462136,Marco Estrada,3.64,1.14,138.1,23
2012,451596,Yovani Gallardo,3.66,1.3,204.0,33
2012,430904,Paul Maholm,3.67,1.22,189.0,31
2012,453281,Wade LeBlanc,3.67,1.31,68.2,9
2012,434629,Chris Seddon,3.67,1.4,34.1,2
2012,456701,Homer Bailey,3.68,1.24,208.0,33
2012,453184,Brad Lincoln,3.68,1.18,88.0,5
2012,518567,Josh Collmenter,3.69,1.26,90.1,11
2012,451788,Shaun Marcum,3.7,1.27,124.0,21
2012,112020,Chris Carpenter,3.71,1.12,17.0,3
2012,425626,Chris Capuano,3.72,1.22,198.1,33
2012,571666,Mike Fiers,3.74,1.26,127.2,22
2012,279824,Mark Buehrle,3.74,1.17,202.1,31
2012,453286,Max Scherzer,3.74,1.27,187.2,32
2012,543548,Tommy Milone,3.74,1.28,190.0,31
2012,276520,Bronson Arroyo,3.74,1.21,202.0,32
2012,500779,Jose Quintana,3.76,1.35,136.1,22
2012,434643,Wandy Rodriguez,3.76,1.27,205.2,33
2012,449173,Lucas Harrell,3.76,1.36,193.2,32
2012,462985,Franklin Morales,3.77,1.23,76.1,9
2012,502239,Trevor Cahill,3.78,1.29,200.0,32
2012,458681,Lance Lynn,3.78,1.32,176.0,29
2012,519043,Matt Moore,3.81,1.35,177.1,31
2012,435178,Josh Johnson,3.81,1.28,191.1,31
2012,502188,Jeff Samardzija,3.81,1.22,174.2,28
2012,450351,C.J. Wilson,3.83,1.34,202.1,34
2012,450306,Jason Vargas,3.85,1.18,217.1,33
2012,433589,Yusmeiro Petit,3.86,2.36,4.2,1
2012,434671,Aníbal Sánchez,3.86,1.27,195.2,31
2012,502102,Duane Below,3.88,1.23,46.1,1
2012,573185,Dan Straily,3.89,1.32,39.1,7
2012,452718,Kyle Kendrick,3.9,1.27,159.1,25
2012,518633,Danny Duffy,3.9,1.59,27.2,6
2012,506433,Yu Darvish,3.9,1.28,191.1,29
2012,490063,Matt Garza,3.91,1.18,103.2,18
2012,448802,Jaime García,3.92,1.36,121.2,20
2012,449161,Mark Rogers,3.92,1.28,39.0,7
2012,425794,Adam Wainwright,3.94,1.25,198.2,32
2012,150414,Jake Westbrook,3.97,1.39,174.2,28
2012,444371,Jeff Karstens,3.97,1.15,90.2,15
2012,592767,Drew Smyly,3.99,1.27,99.1,18
2012,453385,Clayton Richard,3.99,1.23,218.2,33
2012,612672,Wei-Yin Chen,4.02,1.26,192.2,32
2012,453178,Ian Kennedy,4.02,1.3,208.1,33
2012,502171,Alex Cobb,4.03,1.25,136.1,23
2012,429719,Edwin Jackson,4.03,1.22,189.2,31
2012,434578,Joe Saunders,4.07,1.34,174.2,28
2012,429715,Travis Blackley,4.1,1.21,107.2,15
2012,518716,Dillon Gee,4.1,1.25,109.2,17
2012,453301,Cole De Vries,4.11,1.21,87.2,16
2012,501985,Mike Minor,4.12,1.15,179.1,30
2012,458709,John Lannan,4.13,1.44,32.2,6
2012,450172,Edinson Volquez,4.14,1.45,182.2,32
2012,432934,Chris Young,4.15,1.35,115.0,20
2012,217096,Barry Zito,4.15,1.39,184.1,32
2012,453646,Carlos Villanueva,4.16,1.27,125.1,16
2012,461833,Phil Hughes,4.19,1.26,191.1,32
2012,474699,Vance Worley,4.2,1.51,133.0,23
2012,429781,Kevin Correia,4.21,1.3,171.0,28
2012,457428,James McDonald,4.21,1.26,171.0,29
2012,434669,Luis Mendoza,4.23,1.42,166.0,25
2012,502083,Zach McAllister,4.24,1.36,125.1,22
2012,119154,Kevin Millwood,4.25,1.39,161.0,28
2012,475243,Travis Wood,4.27,1.2,156.0,26
2012,488768,Andrew Cashner,4.27,1.32,46.1,5
2012,425856,Gavin Floyd,4.29,1.36,168.0,29
2012,543135,Nathan Eovaldi,4.3,1.51,119.1,22
2012,429717,Dan Haren,4.33,1.29,176.2,30
2012,517414,Randall Delgado,4.37,1.41,92.2,17
2012,545363,Jacob Turner,4.42,1.2,55.0,10
2012,518444,Blake Beavan,4.43,1.26,152.1,26
2012,468504,Jhoulys Chacín,4.43,1.62,69.0,14
2012,465679,Samuel Deduno,4.44,1.54,79.0,15
2012,445060,Ricky Nolasco,4.48,1.37,191.0,31
2012,462102,Tommy Hanson,4.48,1.45,174.2,31
2012,407296,Carlos Zambrano,4.49,1.5,132.1,20
2012,136880,Roy Halladay,4.49,1.22,156.1,25
2012,554432,Chad Jenkins,4.5,1.34,32.0,3
2012,592804,Tyler Thornburg,4.5,1.41,22.0,3
2012,571578,Patrick Corbin,4.54,1.33,107.0,17
2012,543921,Joe Wieland,4.55,1.27,27.2,5
2012,444836,Aaron Laffey,4.56,1.36,100.2,16
2012,453329,Clay Buchholz,4.56,1.33,189.1,29
2012,502190,Mike Leake,4.58,1.35,179.0,30
2012,425532,Jerome Williams,4.58,1.26,137.2,15
2012,150337,Kip Wells,4.58,1.63,37.1,7
2012,519144,Rick Porcello,4.59,1.53,176.1,31
2012,502042,Chris Archer,4.6,1.23,29.1,4
2012,571800,Drew Hutchison,4.6,1.35,58.2,11
2012,110683,Miguel Batista,4.61,1.73,52.2,5
2012,450203,Charlie Morton,4.65,1.45,50.1,9
2012,277417,Josh Beckett,4.65,1.33,170.1,28
2012,502032,Bud Norris,4.65,1.37,168.1,29
2012,475138,Kyle Drabek,4.67,1.6,71.1,13
2012,502706,Derek Holland,4.67,1.22,175.1,27
2012,572070,Garrett Richards,4.69,1.56,71.0,9
2012,430599,Joe Blanton,4.71,1.26,191.0,30
2012,542914,Anthony Bass,4.73,1.32,97.0,15
2012,445968,Dana Eveland,4.73,1.39,32.1,2
2012,425386,Jeremy Guthrie,4.76,1.41,181.2,29
2012,457918,J.A. Happ,4.79,1.4,144.2,24
2012,452657,Jon Lester,4.82,1.38,205.1,33
2012,276371,Johan Santana,4.85,1.33,117.0,21
2012,506693,Henderson Alvarez,4.85,1.44,187.1,31
2012,467094,Félix Doubront,4.86,1.45,161.0,29
2012,451085,Brian Matusz,4.87,1.56,98.0,16
2012,543031,Tyler Cloyd,4.91,1.21,33.0,6
2012,543606,Jake Odorizzi,4.91,1.64,7.1,2
2012,475416,Justin Masterson,4.93,1.45,206.1,34
2012,519141,Drew Pomeranz,4.93,1.48,96.2,22
2012,501870,Everett Teaford,4.99,1.45,61.1,5
2012,407853,Erik Bedard,5.01,1.47,125.2,24
2012,467100,Iván Nova,5.02,1.47,170.1,28
2012,461872,Anthony Swarzak,5.03,1.42,96.2,5
2012,429440,Édgar González,5.04,1.24,25.0,6
2012,136600,Bruce Chen,5.07,1.37,191.2,34
2012,502154,Zack Britton,5.07,1.54,60.1,11
2012,472551,Fernando Abad,5.09,1.65,46.0,6
2012,458550,Jeremy Hefner,5.09,1.37,93.2,13
2012,444857,Scott Feldman,5.09,1.38,123.2,21
2012,543475,Jordan Lyles,5.09,1.42,141.1,25
2012,117955,Derek Lowe,5.11,1.62,142.2,21
2012,488846,Brian Duensing,5.12,1.4,109.0,11
2012,446372,Corey Kluber,5.14,1.49,63.0,12
2012,429722,Ervin Santana,5.16,1.27,178.0,30
2012,453311,Tim Lincecum,5.18,1.47,186.0,33
2012,150119,Freddy Garcia,5.2,1.37,107.1,17
2012,150302,Jason Marquis,5.22,1.47,127.2,22
2012,572971,Dallas Keuchel,5.27,1.55,85.1,16
2012,504379,Juan Nicasio,5.28,1.62,58.0,11
2012,122987,Jeff Suppan,5.28,1.53,30.2,6
2012,519293,Will Smith,5.32,1.61,89.2,16
2012,448694,Randy Wells,5.34,2.06,28.2,4
2012,434538,Francisco Liriano,5.34,1.47,156.2,28
2012,434622,Ubaldo Jiménez,5.4,1.61,176.2,31
2012,543408,Tom Koehler,5.4,1.28,13.1,1
2012,431162,Tim Stauffer,5.4,2.0,5.0,1
2012,543022,Tyler Chatwood,5.43,1.65,64.2,12
2012,527048,Martín Pérez,5.45,1.63,38.0,6
2012,488984,Tommy Hunter,5.45,1.41,133.2,20
2012,518420,Dylan Axelrod,5.47,1.51,51.0,7
2012,460072,Jason Berken,5.49,1.83,19.2,4
2012,502046,Jeff Locke,5.5,1.37,34.1,6
2012,502229,Alex White,5.51,1.68,98.0,20
2012,433585,Jeff Francis,5.58,1.48,113.0,24
2012,599819,Andrew Werner,5.58,1.46,40.1,8
2012,459345,Eric Hacker,5.59,1.66,9.2,1
2012,521230,Liam Hendriks,5.59,1.55,85.1,16
2012,516769,Jenrry Mejia,5.63,1.81,16.0,3
2012,346871,Aaron Cook,5.65,1.47,94.0,18
2012,150116,Randy Wolf,5.65,1.57,157.2,26
2012,527054,Julio Teheran,5.68,0.95,6.1,1
2012,458220,Esmerling Vasquez,5.68,1.61,31.2,6
2012,502208,P.J. Walters,5.69,1.51,61.2,12
2012,433579,John Danks,5.7,1.49,53.2,9
2012,119469,Jamie Moyer,5.7,1.73,53.2,10
2012,446399,Brett Cecil,5.72,1.52,61.1,9
2012,476570,Vin Mazzaro,5.73,1.68,44.0,6
2012,460024,Luke Hochevar,5.73,1.42,185.1,32
2012,460069,Ricky Romero,5.77,1.67,181.0,32
2012,400061,Roy Oswalt,5.8,1.53,59.0,9
2012,456051,Hector Noesí,5.82,1.37,106.2,18
2012,572140,Tyler Skaggs,5.83,1.47,29.1,6
2012,544727,Jeurys Familia,5.84,1.54,12.1,1
2012,491646,Jeanmar Gómez,5.96,1.42,90.2,17
2012,134321,Carl Pavano,6.0,1.4,63.0,11
2012,545333,Trevor Bauer,6.06,1.65,16.1,4
2012,446861,Guillermo Moscoso,6.12,1.72,50.0,3
2012,543725,B.J. Rosenberg,6.12,1.28,25.0,1
2012,468528,Joel Carreño,6.14,1.64,22.0,2
2012,543184,Christian Friedrich,6.17,1.56,84.2,16
2012,453562,Jake Arrieta,6.2,1.37,114.2,18
2012,430683,Justin Germano,6.2,1.54,69.2,12
2012,543391,Casey Kelly,6.21,1.69,29.0,6
2012,453268,Daniel Bard,6.22,1.74,59.1,10
2012,458690,Chris Volstad,6.31,1.62,111.1,21
2012,458708,Josh Tomlin,6.36,1.46,103.1,16
2012,543734,Chris Rusin,6.37,1.65,29.2,7
2012,453232,Graham Godfrey,6.43,1.71,21.0,4
2012,458950,Philip Humber,6.44,1.54,102.0,16
2012,475115,Tyson Ross,6.5,1.81,73.1,13
2012,475095,Kyle Weiland,6.62,1.75,17.2,3
2012,425426,Chien-Ming Wang,6.68,2.01,32.1,5
2012,451482,Armando Galarraga,6.75,1.92,24.0,5
2012,457453,Jair Jurrjens,6.89,1.86,48.1,10
2012,429780,Chris Narveson,7.0,1.56,9.0,2
2012,543339,Daniel Hudson,7.35,1.63,45.1,9
2012,448147,Nick Blackburn,7.39,1.71,98.2,19
2012,488787,Casey Coleman,7.4,2.01,24.1,1
2012,433584,Roberto Hernandez,7.53,1.4,14.1,3
2012,543521,Collin McHugh,7.59,1.64,21.1,4
2012,456027,Ross Ohlendorf,7.77,1.77,48.2,9
2012,456043,Jonathan Sánchez,8.07,2.09,64.2,15
2012,548384,Brooks Raley,8.14,1.81,24.1,5
2012,573244,Adam Wilk,8.18,2.18,11.0,3
2012,489189,Josh Outman,8.19,1.65,40.2,7
2012,493137,Daisuke Matsuzaka,8.28,1.71,45.2,11
2012,543819,Zach Stewart,8.58,1.74,35.2,3
2012,518748,Justin Grimm,9.0,1.79,14.0,2
2012,400291,Dustin Moseley,9.0,1.4,5.0,1
2012,407822,Jorge De La Rosa,9.28,1.78,10.2,3
2012,518582,Casey Crosby,9.49,2.11,12.1,3
2012,445926,Jesse Chavez,9.85,1.82,24.2,2
2012,445170,Todd Redmond,10.8,3.6,3.1,1
2012,542369,Edwar Cabrera,11.12,2.82,5.2,2
2012,452737,Chris Schwinden,12.46,2.08,8.2,2
2012,543272,Brad Hand,17.18,3.27,3.2,1
2012,517060,Pedro Hernandez,18.0,3.25,4.0,1
2012,476589,Adam Warren,23.14,4.29,2.1,1
2012,489400,Ryan Verdugo,32.4,6.0,1.2,1
2013,544836,Enny Romero,0.0,1.07,4.2,1
2013,533167,Matt Shoemaker,0.0,0.8,5.0,1
2013,571735,David Hale,0.82,1.09,11.0,2
2013,519076,Jimmy Nelson,0.9,0.7,10.0,1
2013,572020,James Paxton,1.5,0.92,24.0,4
2013,543699,Tanner Roark,1.51,0.91,53.2,5
2013,453329,Clay Buchholz,1.74,1.02,108.1,16
2013,477132,Clayton Kershaw,1.83,0.92,236.0,33
2013,518633,Danny Duffy,1.85,1.36,24.1,5
2013,543054,Jarred Cosart,1.95,1.35,60.0,10
2013,592804,Tyler Thornburg,2.03,1.19,66.2,7
2013,592238,Brandon Cumpton,2.05,1.01,30.2,5
2013,605228,José Fernández,2.19,0.98,172.2,28
2013,517008,Alex Colomé,2.25,1.44,16.0,3
2013,573064,Vidal Nuño,2.25,1.1,20.0,3
2013,518774,Matt Harvey,2.27,0.93,178.1,26
2013,516769,Jenrry Mejia,2.3,1.17,27.1,5
2013,434671,Aníbal Sánchez,2.57,1.15,182.0,29
2013,425844,Zack Greinke,2.63,1.11,177.2,28
2013,112526,Bartolo Colon,2.65,1.17,190.1,30
2013,547874,Hisashi Iwakuma,2.66,1.01,219.2,33
2013,543243,Sonny Gray,2.67,1.11,64.0,10
2013,523260,Joe Kelly,2.69,1.35,124.0,15
2013,554432,Chad Jenkins,2.7,1.11,33.1,3
2013,502171,Alex Cobb,2.76,1.15,143.1,22
2013,519085,Brett Oberholtzer,2.76,1.1,71.2,10
2013,518516,Madison Bumgarner,2.77,1.03,201.1,31
2013,608379,Michael Wacha,2.78,1.1,64.2,9
2013,456501,Johnny Cueto,2.82,1.05,60.2,11
2013,506433,Yu Darvish,2.83,1.07,209.2,32
2013,424324,Cliff Lee,2.87,1.01,222.2,31
2013,453286,Max Scherzer,2.9,0.97,214.1,32
2013,571561,Tony Cingrani,2.92,1.1,104.2,18
2013,425794,Adam Wainwright,2.94,1.07,241.2,34
2013,451532,Chad Billingsley,3.0,1.42,12.0,2
2013,547943,Hyun Jin Ryu,3.0,1.2,192.0,30
2013,544931,Stephen Strasburg,3.0,1.05,183.0,30
2013,434538,Francisco Liriano,3.02,1.22,161.0,26
2013,433587,Félix Hernández,3.04,1.13,204.1,31
2013,543272,Brad Hand,3.05,1.02,20.2,2
2013,429985,Chad Gaudin,3.06,1.25,97.0,12
2013,571946,Shelby Miller,3.06,1.21,173.1,31
2013,519242,Chris Sale,3.07,1.07,214.1,30
2013,488768,Andrew Cashner,3.09,1.13,175.0,26
2013,124604,Jamey Wright,3.09,1.2,70.0,1
2013,467100,Iván Nova,3.1,1.28,139.1,20
2013,475243,Travis Wood,3.11,1.15,200.0,32
2013,468396,Alexi Ogando,3.11,1.23,104.1,18
2013,450665,Kris Medlen,3.11,1.22,197.0,31
2013,517593,Danny Salazar,3.12,1.13,52.0,10
2013,622072,Alex Wood,3.13,1.33,77.2,11
2013,448306,James Shields,3.15,1.24,228.2,34
2013,543022,Tyler Chatwood,3.15,1.43,111.1,20
2013,502009,Mat Latos,3.16,1.21,210.2,32
2013,475115,Tyson Ross,3.17,1.15,125.0,16
2013,502139,Josh Stinson,3.18,0.76,17.0,1
2013,527054,Julio Teheran,3.2,1.17,185.2,30
2013,501985,Mike Minor,3.21,1.09,204.2,32
2013,502042,Chris Archer,3.22,1.13,128.2,23
2013,543037,Gerrit Cole,3.22,1.17,117.1,19
2013,519293,Will Smith,3.24,0.93,33.1,1
2013,519455,Jordan Zimmermann,3.25,1.09,213.1,32
2013,605304,Erik Johnson,3.25,1.55,27.2,5
2013,450203,Charlie Morton,3.26,1.28,116.0,20
2013,450308,Jered Weaver,3.27,1.14,154.1,24
2013,136600,Bruce Chen,3.27,1.18,121.0,15
2013,456027,Ross Ohlendorf,3.28,1.16,60.1,7
2013,429722,Ervin Santana,3.28,1.14,211.0,32
2013,519043,Matt Moore,3.29,1.3,150.1,27
2013,150359,A.J. Burnett,3.3,1.21,191.0,30
2013,434622,Ubaldo Jiménez,3.3,1.33,182.2,32
2013,493133,Hiroki Kuroda,3.31,1.16,201.1,32
2013,456034,David Price,3.33,1.1,186.2,27
2013,491646,Jeanmar Gómez,3.35,1.15,80.2,8
2013,346798,Kyle Lohse,3.35,1.17,198.2,32
2013,461829,Gio Gonzalez,3.36,1.25,195.2,32
2013,502190,Mike Leake,3.37,1.25,192.1,31
2013,543135,Nathan Eovaldi,3.39,1.32,106.1,18
2013,476589,Adam Warren,3.39,1.43,77.0,2
2013,450351,C.J. Wilson,3.39,1.34,212.1,33
2013,571578,Patrick Corbin,3.41,1.17,208.1,32
2013,554430,Zack Wheeler,3.42,1.36,100.0,17
2013,502706,Derek Holland,3.42,1.29,213.0,33
2013,448614,Carlos Torres,3.44,1.11,86.1,9
2013,475416,Justin Masterson,3.45,1.2,193.0,29
2013,434378,Justin Verlander,3.46,1.31,218.1,34
2013,468504,Jhoulys Chacín,3.47,1.26,197.1,31
2013,456701,Homer Bailey,3.49,1.12,209.0,32
2013,407822,Jorge De La Rosa,3.49,1.38,167.2,30
2013,500779,Jose Quintana,3.51,1.22,200.0,33
2013,502046,Jeff Locke,3.52,1.38,166.1,30
2013,407793,John Lackey,3.52,1.16,189.1,29
2013,570649,Yordano Ventura,3.52,1.24,15.1,3
2013,489119,Wade Miley,3.55,1.32,202.2,33
2013,433589,Yusmeiro Petit,3.56,1.19,48.0,7
2013,502327,Héctor Santiago,3.56,1.4,149.0,23
2013,448802,Jaime García,3.58,1.3,55.1,9
2013,434643,Wandy Rodriguez,3.59,1.12,62.2,12
2013,506693,Henderson Alvarez,3.59,1.14,102.2,17
2013,435044,Scott Baker,3.6,0.87,15.0,3
2013,430935,Cole Hamels,3.6,1.16,220.0,33
2013,592836,Taijuan Walker,3.6,1.0,15.0,3
2013,518716,Dillon Gee,3.62,1.28,199.0,32
2013,527048,Martín Pérez,3.62,1.34,124.1,20
2013,518863,Taylor Jordan,3.66,1.35,51.2,9
2013,450729,Doug Fister,3.67,1.31,208.2,32
2013,518764,Donovan Hand,3.69,1.35,68.1,7
2013,445060,Ricky Nolasco,3.7,1.21,199.1,33
2013,501957,Chris Tillman,3.71,1.22,206.1,33
2013,477003,Jonathon Niese,3.71,1.44,143.0,24
2013,545363,Jacob Turner,3.74,1.44,118.0,20
2013,120485,Andy Pettitte,3.74,1.33,185.1,30
2013,502083,Zach McAllister,3.75,1.36,134.1,24
2013,452657,Jon Lester,3.75,1.29,213.1,33
2013,456068,Miguel González,3.78,1.23,171.1,28
2013,276520,Bronson Arroyo,3.79,1.15,202.0,32
2013,490063,Matt Garza,3.82,1.24,155.1,24
2013,456167,A.J. Griffin,3.83,1.13,200.0,32
2013,465679,Samuel Deduno,3.83,1.35,108.0,18
2013,446372,Corey Kluber,3.85,1.26,147.1,24
2013,543155,Stephen Fife,3.86,1.53,58.1,10
2013,444857,Scott Feldman,3.86,1.18,181.2,30
2013,462136,Marco Estrada,3.87,1.08,128.0,21
2013,452733,Tom Gorzelanny,3.9,1.27,85.1,10
2013,445590,Eric Stults,3.93,1.27,203.2,33
2013,543734,Chris Rusin,3.93,1.36,66.1,13
2013,543606,Jake Odorizzi,3.94,1.21,29.2,4
2013,573185,Dan Straily,3.96,1.24,152.1,27
2013,457711,Sean O'Sullivan,3.96,1.8,25.0,3
2013,458681,Lance Lynn,3.97,1.31,201.2,33
2013,218596,Tim Hudson,3.97,1.19,131.1,21
2013,519105,Jarrod Parker,3.97,1.22,197.0,32
2013,502239,Trevor Cahill,3.99,1.42,146.2,25
2013,430912,Matt Cain,4.0,1.16,184.1,30
2013,450306,Jason Vargas,4.02,1.39,150.0,24
2013,543643,Jonathan Pettibone,4.04,1.47,100.1,18
2013,446321,Ross Detwiler,4.04,1.49,71.1,13
2013,425386,Jeremy Guthrie,4.04,1.39,211.2,33
2013,431148,Scott Kazmir,4.04,1.32,158.0,29
2013,452027,Andrew Albers,4.05,1.18,60.0,10
2013,150302,Jason Marquis,4.05,1.52,117.2,20
2013,453646,Carlos Villanueva,4.06,1.22,128.2,15
2013,612672,Wei-Yin Chen,4.07,1.32,137.0,23
2013,458713,Kevin Slowey,4.11,1.35,92.0,14
2013,572362,Robbie Erlin,4.12,1.24,54.2,9
2013,451628,Alfredo Figaro,4.14,1.24,74.0,5
2013,543548,Tommy Milone,4.14,1.27,156.1,26
2013,279824,Mark Buehrle,4.15,1.35,203.2,33
2013,448693,Ross Wolf,4.15,1.53,47.2,3
2013,572070,Garrett Richards,4.16,1.34,145.0,17
2013,408241,Jake Peavy,4.17,1.15,144.2,23
2013,429781,Kevin Correia,4.18,1.42,185.1,31
2013,502032,Bud Norris,4.18,1.49,176.2,30
2013,451596,Yovani Gallardo,4.18,1.36,180.2,31
2013,285079,R.A. Dickey,4.21,1.24,224.2,34
2013,519008,T.J. McFarland,4.22,1.49,74.2,1
2013,517414,Randall Delgado,4.26,1.19,116.1,19
2013,425626,Chris Capuano,4.26,1.41,105.2,20
2013,519144,Rick Porcello,4.32,1.28,177.0,29
2013,467094,Félix Doubront,4.32,1.43,162.1,27
2013,445170,Todd Redmond,4.32,1.21,77.0,14
2013,502188,Jeff Samardzija,4.34,1.35,213.2,33
2013,458550,Jeremy Hefner,4.34,1.29,130.2,23
2013,503449,Wily Peralta,4.37,1.42,183.1,32
2013,150119,Freddy Garcia,4.37,1.24,80.1,13
2013,453311,Tim Lincecum,4.37,1.32,197.2,32
2013,435261,Zach Miner,4.4,1.74,28.2,3
2013,543408,Tom Koehler,4.41,1.36,143.0,23
2013,430904,Paul Maholm,4.41,1.41,153.0,26
2013,493137,Daisuke Matsuzaka,4.42,1.24,38.2,7
2013,545404,Brandon Beachy,4.5,1.03,30.0,5
2013,435221,Brandon McCarthy,4.53,1.35,135.0,22
2013,457918,J.A. Happ,4.56,1.47,92.2,18
2013,133225,Ryan Dempster,4.57,1.45,171.1,29
2013,425532,Jerome Williams,4.57,1.39,169.1,25
2013,407853,Erik Bedard,4.59,1.48,151.0,26
2013,462985,Franklin Morales,4.62,1.54,25.1,1
2013,150414,Jake Westbrook,4.63,1.56,116.2,19
2013,429717,Dan Haren,4.67,1.24,169.2,30
2013,434438,Billy Buckner,4.67,1.38,17.1,2
2013,452718,Kyle Kendrick,4.7,1.4,182.0,30
2013,433579,John Danks,4.75,1.29,138.1,22
2013,544928,Tyler Lyons,4.75,1.23,53.0,8
2013,469134,Esmil Rogers,4.77,1.42,137.2,20
2013,282332,CC Sabathia,4.78,1.37,211.0,32
2013,453562,Jake Arrieta,4.78,1.33,75.1,14
2013,516589,André Rienzo,4.82,1.48,56.0,10
2013,429715,Travis Blackley,4.83,1.35,50.1,3
2013,519344,Nick Tepesch,4.84,1.37,93.0,17
2013,469686,Alfredo Aceves,4.86,1.73,37.0,6
2013,502253,Alex Sanabia,4.88,1.7,55.1,10
2013,433584,Roberto Hernandez,4.89,1.34,151.0,24
2013,457453,Jair Jurrjens,4.91,1.36,7.1,1
2013,453178,Ian Kennedy,4.91,1.4,181.1,31
2013,502154,Zack Britton,4.95,1.73,40.0,7
2013,519443,Brandon Workman,4.97,1.42,41.2,3
2013,434628,Jason Hammel,4.97,1.46,139.1,23
2013,541640,Erasmo Ramírez,4.98,1.45,72.1,13
2013,429719,Edwin Jackson,4.98,1.46,175.1,31
2013,475479,David Phelps,4.98,1.42,86.2,12
2013,593372,Carlos Martinez,5.08,1.41,28.1,1
2013,150404,Ted Lilly,5.09,1.61,23.0,5
2013,446861,Guillermo Moscoso,5.1,1.37,30.0,2
2013,518713,John Gast,5.11,1.3,12.1,3
2013,572140,Tyler Skaggs,5.12,1.37,38.2,7
2013,504379,Juan Nicasio,5.14,1.47,157.2,31
2013,572971,Dallas Keuchel,5.15,1.54,153.2,22
2013,476451,Jeremy Hellickson,5.17,1.35,174.0,31
2013,425856,Gavin Floyd,5.18,1.6,24.1,5
2013,502748,Brad Peacock,5.18,1.38,83.1,14
2013,460059,Mike Pelfrey,5.19,1.55,152.2,29
2013,461833,Phil Hughes,5.19,1.46,145.2,29
2013,277417,Josh Beckett,5.19,1.5,43.1,8
2013,434578,Joe Saunders,5.26,1.6,183.0,32
2013,451788,Shaun Marcum,5.29,1.35,78.1,12
2013,545333,Trevor Bauer,5.29,1.82,17.0,4
2013,451584,Wade Davis,5.32,1.68,135.1,24
2013,458709,John Lannan,5.33,1.52,74.1,14
2013,434669,Luis Mendoza,5.36,1.59,94.0,15
2013,425827,Jeremy Bonderman,5.4,1.55,55.0,7
2013,518560,Paul Clemens,5.4,1.47,73.1,5
2013,421685,Aaron Harang,5.4,1.35,143.1,26
2013,453281,Wade LeBlanc,5.4,1.67,55.0,7
2013,453214,Steven Wright,5.4,1.58,13.1,1
2013,462102,Tommy Hanson,5.42,1.55,73.0,13
2013,539438,Scott Diamond,5.43,1.52,131.0,24
2013,458676,Josh Lindblom,5.46,1.47,31.1,5
2013,453307,David Huff,5.5,1.12,37.2,2
2013,453353,Greg Reynolds,5.52,1.5,29.1,5
2013,543809,Zeke Spruill,5.56,1.94,11.1,2
2013,543475,Jordan Lyles,5.59,1.51,141.2,25
2013,453344,Brandon Morrow,5.63,1.49,54.1,10
2013,518452,Chad Bettis,5.64,1.68,44.2,8
2013,592332,Kevin Gausman,5.66,1.34,47.2,5
2013,518420,Dylan Axelrod,5.68,1.66,128.1,20
2013,450172,Edinson Volquez,5.71,1.59,170.1,32
2013,285064,Ryan Vogelsong,5.73,1.56,103.2,19
2013,217096,Barry Zito,5.74,1.7,133.1,25
2013,457428,James McDonald,5.76,1.65,29.2,6
2013,501625,Jose Alvarez,5.82,1.5,38.2,6
2013,279782,Jon Garland,5.82,1.59,68.0,12
2013,449173,Lucas Harrell,5.86,1.7,153.2,22
2013,502208,P.J. Walters,5.95,1.75,39.1,8
2013,518748,Justin Grimm,5.97,1.57,98.0,17
2013,435043,Zach Duke,6.03,1.56,31.1,1
2013,430599,Joe Blanton,6.04,1.61,132.2,20
2013,150009,Ramón Ortiz,6.04,1.78,25.1,4
2013,474463,Brett Anderson,6.04,1.61,44.2,5
2013,543495,Ethan Martin,6.08,1.7,40.0,8
2013,453241,Kris Johnson,6.1,1.55,10.1,1
2013,518444,Blake Beavan,6.13,1.36,39.2,2
2013,435178,Josh Johnson,6.2,1.66,81.1,16
2013,519141,Drew Pomeranz,6.23,2.03,21.2,4
2013,433585,Jeff Francis,6.27,1.61,70.1,12
2013,543506,Brandon Maurer,6.3,1.57,90.0,14
2013,572143,Burch Smith,6.44,1.65,36.1,7
2013,572744,Hiram Burgos,6.44,1.67,29.1,6
2013,543483,Matt Magill,6.51,1.99,27.2,6
2013,502043,Kyle Gibson,6.53,1.75,51.0,10
2013,543031,Tyler Cloyd,6.56,1.79,60.1,11
2013,456051,Hector Noesí,6.59,1.98,27.1,1
2013,471911,Carlos Carrasco,6.75,1.76,46.2,7
2013,518782,Johnny Hellweg,6.75,2.15,30.2,7
2013,136880,Roy Halladay,6.82,1.47,62.0,13
2013,517060,Pedro Hernandez,6.83,1.82,56.2,12
2013,521230,Liam Hendriks,6.85,1.71,47.1,8
2013,453385,Clayton Richard,7.01,1.63,52.2,11
2013,489056,Charlie Leesman,7.04,2.09,15.1,1
2013,453249,Jeff Manship,7.04,1.6,30.2,4
2013,434180,Kameron Loe,7.09,1.88,26.2,1
2013,444836,Aaron Laffey,7.11,2.21,12.2,3
2013,607706,Michael Roth,7.2,1.5,20.0,1
2013,474699,Vance Worley,7.21,1.99,48.2,10
2013,571666,Mike Fiers,7.25,1.52,22.1,3
2013,571787,David Holmberg,7.36,2.45,3.2,1
2013,447744,Raul Valdes,7.46,1.43,35.0,1
2013,489002,Steve Johnson,7.47,1.72,15.2,1
2013,501992,Nate Karns,7.5,1.92,12.0,3
2013,425426,Chien-Ming Wang,7.67,1.81,27.0,6
2013,572947,Phil Irwin,7.71,2.14,4.2,1
2013,458950,Philip Humber,7.9,1.74,54.2,7
2013,408206,Brett Myers,8.02,1.59,21.1,3
2013,457448,Matt Harrison,8.44,1.97,10.2,2
2013,543169,Brian Flynn,8.5,2.22,18.0,4
2013,543903,Allen Webster,8.6,1.81,30.1,7
2013,400061,Roy Oswalt,8.63,1.79,32.1,6
2013,473879,Sam Dyson,9.0,1.91,11.0,1
2013,543521,Collin McHugh,10.04,1.92,26.0,5
2013,592464,Mike Kickham,10.16,1.98,28.1,3
2013,453301,Cole De Vries,10.8,2.07,15.0,2
2013,460069,Ricky Romero,11.05,2.59,7.1,2
2013,456043,Jonathan Sánchez,11.85,2.41,13.2,4
2013,543881,Pedro Villarreal,12.71,2.82,5.2,1
2013,446264,Barry Enright,12.96,2.28,8.1,2
2013,474668,Eric Surkamp,23.63,3.38,2.2,1
2013,543594,Sean Nolin,40.5,6.0,1.1,1
2014,407835,Jason Lane,0.87,0.68,10.1,1
2014,502706,Derek Holland,1.46,1.05,37.0,5
2014,477132,Clayton Kershaw,1.77,0.86,198.1,27
2014,518852,Eric Jokisch,1.88,1.53,14.1,1
2014,501381,Michael Pineda,1.89,0.83,76.1,13
2014,572017,Red Patterson,1.93,1.07,4.2,1
2014,571666,Mike Fiers,2.13,0.88,71.2,10
2014,433587,Félix Hernández,2.14,0.92,236.0,34
2014,519242,Chris Sale,2.17,0.97,174.0,26
2014,456501,Johnny Cueto,2.25,0.96,243.2,34
2014,452666,Tom Wilhelmsen,2.27,1.05,79.1,2
2014,519141,Drew Pomeranz,2.35,1.12,69.0,10
2014,425794,Adam Wainwright,2.38,1.03,227.0,32
2014,450729,Doug Fister,2.41,1.08,164.0,25
2014,605228,José Fernández,2.44,0.95,51.2,8
2014,446372,Corey Kluber,2.44,1.09,235.2,34
2014,571951,Bryan Mitchell,2.45,1.18,11.0,1
2014,452657,Jon Lester,2.46,1.1,219.2,32
2014,430935,Cole Hamels,2.46,1.15,204.2,30
2014,543294,Kyle Hendricks,2.46,1.08,80.1,13
2014,595014,Blake Treinen,2.49,1.38,50.2,7
2014,453562,Jake Arrieta,2.53,0.99,156.2,25
2014,518633,Danny Duffy,2.53,1.11,149.1,25
2014,471911,Carlos Carrasco,2.55,0.99,134.0,14
2014,488768,Andrew Cashner,2.55,1.13,123.1,19
2014,474284,Cory Rasmus,2.57,1.05,56.0,6
2014,453214,Steven Wright,2.57,1.19,21.0,1
2014,592836,Taijuan Walker,2.61,1.29,38.0,5
2014,594986,Kyle Ryan,2.61,1.16,10.1,1
2014,572070,Garrett Richards,2.61,1.04,168.2,26
2014,506693,Henderson Alvarez,2.65,1.24,187.0,30
2014,425856,Gavin Floyd,2.65,1.25,54.1,9
2014,519455,Jordan Zimmermann,2.66,1.07,199.2,32
2014,517008,Alex Colomé,2.66,1.23,23.2,3
2014,594798,Jacob deGrom,2.69,1.14,140.1,22
2014,519043,Matt Moore,2.7,1.5,10.0,2
2014,425844,Zack Greinke,2.71,1.15,202.1,32
2014,543521,Collin McHugh,2.73,1.02,154.2,25
2014,458681,Lance Lynn,2.74,1.26,203.2,33
2014,519008,T.J. McFarland,2.76,1.41,58.2,1
2014,547888,Masahiro Tanaka,2.77,1.06,136.1,20
2014,622072,Alex Wood,2.78,1.14,171.2,24
2014,475115,Tyson Ross,2.81,1.21,195.2,31
2014,474699,Vance Worley,2.85,1.21,110.2,17
2014,543699,Tanner Roark,2.85,1.09,198.2,31
2014,502171,Alex Cobb,2.87,1.14,166.1,27
2014,277417,Josh Beckett,2.88,1.17,115.2,20
2014,527054,Julio Teheran,2.89,1.08,221.0,33
2014,474463,Brett Anderson,2.91,1.32,43.1,8
2014,572971,Dallas Keuchel,2.93,1.18,200.0,29
2014,518420,Dylan Axelrod,2.95,0.98,18.1,4
2014,460701,James Russell,2.97,1.13,57.2,1
2014,518516,Madison Bumgarner,2.98,1.09,217.1,33
2014,502188,Jeff Samardzija,2.99,1.07,219.2,33
2014,450172,Edinson Volquez,3.04,1.23,192.2,31
2014,572020,James Paxton,3.04,1.2,74.0,13
2014,533167,Matt Shoemaker,3.04,1.07,136.0,20
2014,570810,Lisalverto Bonilla,3.05,1.21,20.2,3
2014,506433,Yu Darvish,3.06,1.26,144.1,22
2014,448614,Carlos Torres,3.06,1.31,97.0,1
2014,534910,Jesse Hahn,3.07,1.21,73.1,12
2014,543243,Sonny Gray,3.08,1.19,219.0,33
2014,544931,Stephen Strasburg,3.14,1.12,215.0,34
2014,453286,Max Scherzer,3.15,1.18,220.1,33
2014,608379,Michael Wacha,3.2,1.2,107.0,19
2014,570649,Yordano Ventura,3.2,1.3,183.0,30
2014,448306,James Shields,3.21,1.18,227.0,34
2014,456068,Miguel González,3.23,1.3,159.0,26
2014,592767,Drew Smyly,3.24,1.16,153.0,25
2014,493159,Tsuyoshi Wada,3.25,1.24,69.1,13
2014,502009,Mat Latos,3.25,1.15,102.1,16
2014,456034,David Price,3.26,1.08,248.1,34
2014,542923,Dallas Beeler,3.27,1.55,11.0,2
2014,571735,David Hale,3.3,1.47,87.1,6
2014,500779,Jose Quintana,3.32,1.24,200.1,32
2014,502042,Chris Archer,3.33,1.28,194.2,32
2014,501957,Chris Tillman,3.34,1.23,207.1,34
2014,543334,TJ House,3.35,1.32,102.0,18
2014,628333,Odrisamer Despaigne,3.36,1.21,96.1,16
2014,547943,Hyun Jin Ryu,3.38,1.19,152.0,26
2014,434538,Francisco Liriano,3.38,1.3,162.1,29
2014,279824,Mark Buehrle,3.39,1.36,202.0,32
2014,477003,Jonathon Niese,3.4,1.27,187.2,30
2014,434671,Aníbal Sánchez,3.43,1.1,126.0,21
2014,519144,Rick Porcello,3.43,1.23,204.2,31
2014,430580,Alfredo Simon,3.44,1.21,196.1,32
2014,445926,Jesse Chavez,3.45,1.31,146.0,21
2014,518567,Josh Collmenter,3.46,1.13,179.1,28
2014,434628,Jason Hammel,3.47,1.12,176.1,29
2014,431162,Tim Stauffer,3.5,1.4,64.1,3
2014,451596,Yovani Gallardo,3.51,1.29,192.1,32
2014,547874,Hisashi Iwakuma,3.52,1.05,179.0,28
2014,461833,Phil Hughes,3.52,1.13,209.2,32
2014,503449,Wily Peralta,3.53,1.3,198.2,32
2014,612672,Wei-Yin Chen,3.54,1.23,185.2,31
2014,346798,Kyle Lohse,3.54,1.15,198.1,31
2014,554430,Zack Wheeler,3.54,1.33,185.1,32
2014,431148,Scott Kazmir,3.55,1.16,190.1,32
2014,218596,Tim Hudson,3.57,1.23,189.1,31
2014,421685,Aaron Harang,3.57,1.4,204.1,33
2014,592332,Kevin Gausman,3.57,1.31,113.1,20
2014,461829,Gio Gonzalez,3.57,1.2,158.2,27
2014,543809,Zeke Spruill,3.57,1.37,22.2,1
2014,450308,Jered Weaver,3.59,1.21,213.1,34
2014,453178,Ian Kennedy,3.63,1.29,201.0,33
2014,490063,Matt Garza,3.64,1.18,163.1,27
2014,502032,Bud Norris,3.65,1.22,165.1,28
2014,573186,Marcus Stroman,3.65,1.17,130.2,20
2014,516769,Jenrry Mejia,3.65,1.48,93.2,7
2014,424324,Cliff Lee,3.65,1.38,81.1,13
2014,543037,Gerrit Cole,3.65,1.21,138.0,22
2014,432934,Chris Young,3.65,1.23,165.0,29
2014,433589,Yusmeiro Petit,3.69,1.02,117.0,12
2014,543054,Jarred Cosart,3.69,1.36,180.1,30
2014,502190,Mike Leake,3.7,1.25,214.1,33
2014,459987,Cesár Ramos,3.7,1.35,82.2,7
2014,450306,Jason Vargas,3.71,1.27,187.0,30
2014,456701,Homer Bailey,3.71,1.23,145.2,23
2014,493133,Hiroki Kuroda,3.71,1.14,199.0,32
2014,285079,R.A. Dickey,3.71,1.23,215.2,34
2014,450203,Charlie Morton,3.72,1.27,157.1,26
2014,408241,Jake Peavy,3.73,1.28,202.2,32
2014,571946,Shelby Miller,3.74,1.27,183.0,31
2014,444857,Scott Feldman,3.74,1.3,180.1,29
2014,502327,Héctor Santiago,3.75,1.36,127.1,24
2014,571527,David Buchanan,3.75,1.29,117.2,20
2014,572888,Shane Greene,3.78,1.4,78.2,14
2014,543408,Tom Koehler,3.81,1.3,191.1,32
2014,407793,John Lackey,3.82,1.28,198.0,31
2014,606273,Roenis Elías,3.85,1.31,163.2,29
2014,605177,Andrew Chafin,3.86,1.5,14.0,3
2014,458676,Josh Lindblom,3.86,1.5,4.2,1
2014,493137,Daisuke Matsuzaka,3.89,1.34,83.1,9
2014,502046,Jeff Locke,3.91,1.27,131.1,21
2014,605135,Chris Bassitt,3.94,1.58,29.2,5
2014,453281,Wade LeBlanc,3.94,1.15,29.2,3
2014,429722,Ervin Santana,3.95,1.31,196.0,31
2014,285064,Ryan Vogelsong,4.0,1.28,184.2,32
2014,518716,Dillon Gee,4.0,1.25,137.1,22
2014,502624,Chase Anderson,4.01,1.37,114.1,21
2014,429717,Dan Haren,4.02,1.18,186.0,32
2014,593372,Carlos Martinez,4.03,1.41,89.1,7
2014,435221,Brandon McCarthy,4.05,1.28,200.0,32
2014,554431,Tyler Matzek,4.05,1.39,117.2,19
2014,606160,Rafael Montero,4.06,1.51,44.1,8
2014,276520,Bronson Arroyo,4.08,1.29,86.0,14
2014,112526,Bartolo Colon,4.09,1.23,202.1,31
2014,433584,Roberto Hernandez,4.1,1.39,164.2,29
2014,407822,Jorge De La Rosa,4.1,1.24,184.1,32
2014,448802,Jaime García,4.12,1.05,43.2,7
2014,543606,Jake Odorizzi,4.13,1.28,168.0,31
2014,425386,Jeremy Guthrie,4.13,1.3,202.2,32
2014,594835,Marco Gonzales,4.15,1.53,34.2,5
2014,457448,Matt Harrison,4.15,1.85,17.1,4
2014,430661,Dustin McGowan,4.17,1.38,82.0,8
2014,545333,Trevor Bauer,4.18,1.38,153.0,26
2014,430912,Matt Cain,4.18,1.25,90.1,15
2014,543548,Tommy Milone,4.19,1.4,118.0,21
2014,523260,Joe Kelly,4.2,1.35,96.1,17
2014,457918,J.A. Happ,4.22,1.34,158.0,26
2014,517593,Danny Salazar,4.25,1.38,110.0,20
2014,445590,Eric Stults,4.3,1.38,176.0,32
2014,572140,Tyler Skaggs,4.3,1.21,113.0,18
2014,543475,Jordan Lyles,4.33,1.37,126.2,22
2014,489119,Wade Miley,4.34,1.4,201.1,33
2014,542289,Daniel Corcino,4.34,1.23,18.2,3
2014,425626,Chris Capuano,4.35,1.39,97.1,12
2014,543456,Kyle Lobstein,4.35,1.25,39.1,6
2014,124604,Jamey Wright,4.35,1.41,70.1,1
2014,519344,Nick Tepesch,4.36,1.37,126.0,22
2014,462136,Marco Estrada,4.36,1.2,150.2,18
2014,543135,Nathan Eovaldi,4.37,1.33,199.2,33
2014,543272,Brad Hand,4.38,1.36,111.0,16
2014,475479,David Phelps,4.38,1.42,113.0,17
2014,527048,Martín Pérez,4.38,1.34,51.1,8
2014,519085,Brett Oberholtzer,4.39,1.38,143.2,24
2014,544928,Tyler Lyons,4.42,1.2,36.2,4
2014,523989,Rubby De La Rosa,4.43,1.49,101.2,18
2014,502043,Kyle Gibson,4.47,1.31,179.1,31
2014,465679,Samuel Deduno,4.47,1.42,100.2,9
2014,571800,Drew Hutchison,4.48,1.26,184.2,32
2014,518444,Blake Beavan,4.5,1.5,4.0,1
2014,543022,Tyler Chatwood,4.5,1.21,24.0,4
2014,501992,Nate Karns,4.5,0.92,12.0,2
2014,450351,C.J. Wilson,4.51,1.45,175.2,31
2014,476451,Jeremy Hellickson,4.52,1.45,63.2,13
2014,434378,Justin Verlander,4.54,1.4,206.0,32
2014,571561,Tony Cingrani,4.55,1.53,63.1,11
2014,607259,Nick Martinez,4.55,1.46,140.1,24
2014,573064,Vidal Nuño,4.56,1.26,161.2,28
2014,607374,Nick Tropeano,4.57,1.29,21.2,4
2014,594772,Jake Buchanan,4.58,1.5,35.1,2
2014,150359,A.J. Burnett,4.59,1.41,213.2,34
2014,461872,Anthony Swarzak,4.6,1.49,86.0,4
2014,452718,Kyle Kendrick,4.61,1.36,199.0,32
2014,453646,Carlos Villanueva,4.64,1.39,77.2,5
2014,543506,Brandon Maurer,4.65,1.33,69.2,7
2014,502748,Brad Peacock,4.72,1.56,131.2,24
2014,453241,Kris Johnson,4.73,1.95,13.1,3
2014,433579,John Danks,4.74,1.44,193.2,32
2014,453311,Tim Lincecum,4.74,1.39,155.2,26
2014,543698,Donn Roach,4.75,1.68,30.1,1
2014,572889,Nick Greenwood,4.75,1.14,36.0,1
2014,456051,Hector Noesí,4.75,1.37,172.1,27
2014,407853,Erik Bedard,4.76,1.49,75.2,15
2014,458708,Josh Tomlin,4.76,1.29,104.0,16
2014,434438,Billy Buckner,4.76,1.76,5.2,1
2014,517060,Pedro Hernandez,4.76,1.41,5.2,1
2014,501985,Mike Minor,4.77,1.44,145.1,25
2014,425532,Jerome Williams,4.77,1.4,115.0,11
2014,571787,David Holmberg,4.8,1.43,30.0,5
2014,453222,Scott Carroll,4.8,1.48,129.1,19
2014,519168,Anthony Ranaudo,4.81,1.4,39.1,7
2014,434622,Ubaldo Jiménez,4.81,1.52,125.1,22
2014,430904,Paul Maholm,4.84,1.56,70.2,8
2014,517414,Randall Delgado,4.87,1.36,77.2,4
2014,279571,Matt Belisle,4.87,1.44,64.2,1
2014,592238,Brandon Cumpton,4.89,1.43,70.0,10
2014,519076,Jimmy Nelson,4.93,1.46,69.1,12
2014,572362,Robbie Erlin,4.99,1.4,61.1,11
2014,475243,Travis Wood,5.03,1.53,173.2,31
2014,543903,Allen Webster,5.03,1.46,59.0,11
2014,518790,Chris Heston,5.06,1.69,5.1,1
2014,464416,Yohan Pino,5.07,1.33,60.1,11
2014,519443,Brandon Workman,5.17,1.43,87.0,15
2014,407890,Colby Lewis,5.18,1.52,170.1,29
2014,456071,Yohan Flande,5.19,1.2,59.0,10
2014,502083,Zach McAllister,5.23,1.44,86.0,15
2014,595032,Chase Whitley,5.23,1.48,75.2,12
2014,521230,Liam Hendriks,5.23,1.38,32.2,6
2014,541640,Erasmo Ramírez,5.26,1.54,75.1,14
2014,150116,Randy Wolf,5.26,1.52,25.2,4
2014,282332,CC Sabathia,5.28,1.48,46.0,8
2014,458713,Kevin Slowey,5.3,1.66,37.1,2
2014,453329,Clay Buchholz,5.34,1.39,170.1,28
2014,462985,Franklin Morales,5.37,1.62,142.1,22
2014,445060,Ricky Nolasco,5.38,1.52,159.0,27
2014,504379,Juan Nicasio,5.38,1.47,93.2,14
2014,468504,Jhoulys Chacín,5.4,1.44,63.1,11
2014,596057,Daniel Norris,5.4,1.5,6.2,1
2014,572403,Drew VerHagen,5.4,1.6,5.0,1
2014,429781,Kevin Correia,5.44,1.5,154.0,26
2014,435044,Scott Baker,5.47,1.19,80.2,8
2014,502211,Mike Bolsinger,5.5,1.59,52.1,9
2014,467094,Félix Doubront,5.54,1.56,79.2,14
2014,518863,Taylor Jordan,5.61,1.64,25.2,5
2014,502239,Trevor Cahill,5.61,1.61,110.2,17
2014,453344,Brandon Morrow,5.67,1.65,33.1,6
2014,469134,Esmil Rogers,5.72,1.47,45.2,1
2014,571760,Andrew Heaney,5.83,1.33,29.1,5
2014,433585,Jeff Francis,5.85,1.05,20.0,1
2014,475416,Justin Masterson,5.88,1.63,128.2,25
2014,543184,Christian Friedrich,5.92,1.44,24.1,3
2014,548357,Christian Bergman,5.93,1.55,54.2,10
2014,543155,Stephen Fife,6.0,1.33,6.0,1
2014,516910,Carlos Frías,6.12,1.24,32.1,2
2014,545363,Jacob Turner,6.13,1.6,113.0,18
2014,543726,Robbie Ross Jr.,6.2,1.7,78.1,12
2014,543101,Anthony DeSclafani,6.27,1.36,33.0,5
2014,429719,Edwin Jackson,6.33,1.64,140.2,27
2014,457711,Sean O'Sullivan,6.39,1.34,12.2,2
2014,571945,Miles Mikolas,6.44,1.43,57.1,10
2014,605304,Erik Johnson,6.46,1.77,23.2,5
2014,207267,Brad Penny,6.58,1.81,26.0,4
2014,434578,Joe Saunders,6.7,2.07,43.0,8
2014,572750,Eddie Butler,6.75,1.88,16.0,3
2014,572947,Phil Irwin,6.75,2.0,4.0,1
2014,434643,Wandy Rodriguez,6.75,1.69,26.2,6
2014,573185,Dan Straily,6.75,1.48,52.0,8
2014,516589,André Rienzo,6.82,1.78,64.2,11
2014,592244,Logan Darnell,7.13,1.63,24.0,4
2014,543921,Joe Wieland,7.15,1.85,11.1,2
2014,136600,Bruce Chen,7.45,1.76,48.1,7
2014,543507,Trevor May,7.88,1.77,45.2,9
2014,502168,Rudy Owens,7.94,1.94,5.2,1
2014,460059,Mike Pelfrey,7.99,1.99,23.2,5
2014,592662,Robbie Ray,8.16,1.88,28.2,6
2014,467100,Iván Nova,8.27,1.84,20.2,4
2014,543169,Brian Flynn,9.0,2.14,7.0,1
2014,592398,Taylor Hill,9.0,2.11,9.0,1
2014,543643,Jonathan Pettibone,9.0,2.22,9.0,2
2014,489294,Tanner Scheppers,9.0,1.78,23.0,4
2014,502166,Brad Mills,9.15,1.94,20.2,3
2014,449173,Lucas Harrell,9.49,2.27,12.1,3
2014,457453,Jair Jurrjens,10.61,2.46,9.1,2
2014,462956,Felipe Paulino,11.29,2.56,18.1,4
2014,571656,Buck Farmer,11.57,1.82,9.1,2
2014,489056,Charlie Leesman,20.25,3.75,2.2,1
2014,605156,Aaron Brooks,43.88,5.63,2.2,1
2015,448179,Rich Hill,1.55,0.66,29.0,4
2015,425794,Adam Wainwright,1.61,1.04,28.0,4
2015,425844,Zack Greinke,1.66,0.84,222.2,32
2015,573186,Marcus Stroman,1.67,0.96,27.0,4
2015,453562,Jake Arrieta,1.77,0.86,229.0,33
2015,477132,Clayton Kershaw,2.13,0.88,232.2,33
2015,543935,Alex Wilson,2.19,1.03,70.0,1
2015,571927,Steven Matz,2.27,1.23,35.2,6
2015,448802,Jaime García,2.43,1.05,129.2,20
2015,456034,David Price,2.45,1.08,220.1,32
2015,543964,Tony Zych,2.45,1.09,18.1,1
2015,572971,Dallas Keuchel,2.48,1.02,232.0,33
2015,594798,Jacob deGrom,2.54,0.98,191.0,30
2015,543037,Gerrit Cole,2.6,1.09,208.0,32
2015,595191,Jerad Eickhoff,2.65,1.04,51.0,8
2015,543219,Sean Gilmartin,2.67,1.19,57.1,1
2015,518774,Matt Harvey,2.71,1.02,189.1,29
2015,543243,Sonny Gray,2.73,1.08,208.0,31
2015,453344,Brandon Morrow,2.73,1.09,33.0,5
2015,407793,John Lackey,2.77,1.21,218.0,33
2015,453286,Max Scherzer,2.79,0.92,228.2,33
2015,430599,Joe Blanton,2.84,1.12,76.0,4
2015,622663,Luis Severino,2.89,1.2,62.1,11
2015,605228,José Fernández,2.92,1.16,64.2,11
2015,518516,Madison Bumgarner,2.93,1.01,218.1,32
2015,502083,Zach McAllister,3.0,1.35,69.0,1
2015,593372,Carlos Martinez,3.01,1.29,179.2,29
2015,458708,Josh Tomlin,3.02,0.84,65.2,10
2015,571946,Shelby Miller,3.02,1.25,205.1,33
2015,458681,Lance Lynn,3.03,1.37,175.1,31
2015,594736,Cody Anderson,3.05,1.11,91.1,15
2015,432934,Chris Young,3.06,1.09,123.1,18
2015,431148,Scott Kazmir,3.1,1.21,183.0,31
2015,608648,Tyler Duffey,3.1,1.31,58.0,10
2015,592767,Drew Smyly,3.11,1.17,66.2,12
2015,462136,Marco Estrada,3.13,1.04,181.0,28
2015,608641,Tim Cooney,3.16,1.21,31.1,6
2015,150359,A.J. Burnett,3.18,1.36,164.0,26
2015,643327,Zack Godley,3.19,1.25,36.2,6
2015,592717,Aaron Sanchez,3.22,1.28,92.1,11
2015,621121,Lance McCullers Jr.,3.22,1.19,125.2,22
2015,502042,Chris Archer,3.23,1.14,212.0,34
2015,592789,Noah Syndergaard,3.24,1.05,150.0,24
2015,517414,Randall Delgado,3.25,1.33,72.0,1
2015,453329,Clay Buchholz,3.26,1.21,113.1,18
2015,464416,Yohan Pino,3.26,1.34,19.1,1
2015,475115,Tyson Ross,3.26,1.31,196.0,33
2015,476589,Adam Warren,3.29,1.16,131.1,17
2015,554340,Yimi García,3.34,0.95,56.2,1
2015,452657,Jon Lester,3.34,1.12,205.0,32
2015,612672,Wei-Yin Chen,3.34,1.22,191.1,31
2015,605304,Erik Johnson,3.34,1.4,35.0,6
2015,543606,Jake Odorizzi,3.35,1.15,169.1,28
2015,534910,Jesse Hahn,3.35,1.17,96.2,16
2015,500779,Jose Quintana,3.36,1.27,206.1,32
2015,468504,Jhoulys Chacín,3.38,1.28,26.2,4
2015,434538,Francisco Liriano,3.38,1.21,186.2,31
2015,434378,Justin Verlander,3.38,1.09,133.1,20
2015,608379,Michael Wacha,3.38,1.21,181.1,30
2015,519242,Chris Sale,3.41,1.09,208.2,31
2015,451596,Yovani Gallardo,3.42,1.42,184.1,33
2015,456501,Johnny Cueto,3.44,1.13,212.0,32
2015,517593,Danny Salazar,3.45,1.13,185.0,30
2015,544931,Stephen Strasburg,3.46,1.11,127.1,23
2015,446372,Corey Kluber,3.49,1.05,222.0,32
2015,571760,Andrew Heaney,3.49,1.2,105.2,18
2015,592869,Tyler Wilson,3.5,1.39,36.0,5
2015,547888,Masahiro Tanaka,3.51,0.99,154.0,24
2015,592662,Robbie Ray,3.52,1.33,127.2,23
2015,433587,Félix Hernández,3.53,1.18,201.2,31
2015,547874,Hisashi Iwakuma,3.54,1.06,129.2,20
2015,450172,Edinson Volquez,3.55,1.31,200.1,33
2015,605135,Chris Bassitt,3.56,1.26,86.0,13
2015,605232,Brandon Finnegan,3.56,1.21,48.0,4
2015,408241,Jake Peavy,3.58,1.12,110.2,19
2015,502327,Héctor Santiago,3.59,1.26,180.2,32
2015,548337,Logan Verrett,3.59,1.03,47.2,4
2015,605400,Aaron Nola,3.59,1.2,77.2,13
2015,571578,Patrick Corbin,3.6,1.27,85.0,16
2015,594987,Casey Sadler,3.6,1.0,5.0,1
2015,429717,Dan Haren,3.6,1.13,187.1,32
2015,457918,J.A. Happ,3.61,1.27,172.0,31
2015,493159,Tsuyoshi Wada,3.62,1.27,32.1,7
2015,502211,Mike Bolsinger,3.62,1.36,109.1,21
2015,471911,Carlos Carrasco,3.63,1.07,183.2,30
2015,605452,Joe Ross,3.64,1.11,76.2,13
2015,430935,Cole Hamels,3.65,1.19,212.1,32
2015,572070,Garrett Richards,3.65,1.24,207.1,32
2015,519455,Jordan Zimmermann,3.66,1.2,201.2,33
2015,519141,Drew Pomeranz,3.66,1.19,86.0,9
2015,433589,Yusmeiro Petit,3.67,1.18,76.0,1
2015,501992,Nate Karns,3.67,1.28,147.0,26
2015,474463,Brett Anderson,3.69,1.33,180.1,31
2015,571666,Mike Fiers,3.69,1.25,180.1,30
2015,502190,Mike Leake,3.7,1.16,192.0,30
2015,605200,Zach Davies,3.71,1.21,34.0,6
2015,573064,Vidal Nuño,3.74,1.26,89.0,10
2015,544993,Steve Geltz,3.74,1.05,67.1,2
2015,434628,Jason Hammel,3.74,1.16,170.2,31
2015,607074,Carlos Rodón,3.75,1.44,139.1,23
2015,541640,Erasmo Ramírez,3.75,1.13,163.1,27
2015,544928,Tyler Lyons,3.75,1.23,60.0,8
2015,596057,Daniel Norris,3.75,1.2,60.0,13
2015,543045,Adam Conley,3.76,1.28,67.0,11
2015,543380,Taylor Jungmann,3.77,1.28,119.1,21
2015,461829,Gio Gonzalez,3.79,1.42,175.2,31
2015,518567,Josh Collmenter,3.79,1.26,121.0,12
2015,279824,Mark Buehrle,3.81,1.24,198.2,32
2015,607374,Nick Tropeano,3.82,1.33,37.2,7
2015,453385,Clayton Richard,3.83,1.28,42.1,3
2015,502043,Kyle Gibson,3.84,1.29,194.2,32
2015,622072,Alex Wood,3.84,1.36,189.2,32
2015,475243,Travis Wood,3.84,1.24,100.2,9
2015,593958,Eduardo Rodriguez,3.85,1.29,121.2,21
2015,543339,Daniel Hudson,3.86,1.32,67.2,1
2015,504379,Juan Nicasio,3.86,1.56,58.1,1
2015,621962,Ian Thomas,3.86,1.33,23.1,1
2015,450351,C.J. Wilson,3.89,1.24,132.0,21
2015,543521,Collin McHugh,3.89,1.28,203.2,32
2015,592346,Chi Chi González,3.9,1.21,67.0,10
2015,572020,James Paxton,3.9,1.43,67.0,13
2015,444857,Scott Feldman,3.9,1.31,108.1,18
2015,285079,R.A. Dickey,3.91,1.19,214.1,33
2015,448306,James Shields,3.91,1.33,202.1,33
2015,543548,Tommy Milone,3.92,1.27,128.2,23
2015,517008,Alex Colomé,3.94,1.3,109.2,13
2015,543294,Kyle Hendricks,3.95,1.16,180.0,32
2015,518790,Chris Heston,3.95,1.31,177.2,31
2015,607259,Nick Martinez,3.96,1.45,125.0,21
2015,450306,Jason Vargas,3.98,1.35,43.0,9
2015,429722,Ervin Santana,4.0,1.3,108.0,17
2015,543507,Trevor May,4.0,1.33,114.2,16
2015,450665,Kris Medlen,4.01,1.27,58.1,8
2015,592593,Justin Nicolino,4.01,1.24,74.0,12
2015,474699,Vance Worley,4.02,1.42,71.2,8
2015,527054,Julio Teheran,4.04,1.31,200.2,33
2015,543101,Anthony DeSclafani,4.05,1.35,184.2,31
2015,608665,Kendall Graveman,4.05,1.42,115.2,21
2015,516910,Carlos Frías,4.06,1.47,77.2,13
2015,570649,Yordano Ventura,4.08,1.3,163.1,28
2015,518633,Danny Duffy,4.08,1.39,136.2,24
2015,543408,Tom Koehler,4.08,1.37,187.1,31
2015,453214,Steven Wright,4.09,1.29,72.2,9
2015,554431,Tyler Matzek,4.09,1.82,22.0,5
2015,434622,Ubaldo Jiménez,4.11,1.36,184.0,32
2015,519076,Jimmy Nelson,4.11,1.29,177.1,30
2015,542882,Matt Andriese,4.11,1.32,65.2,8
2015,477003,Jonathon Niese,4.13,1.4,176.2,29
2015,453311,Tim Lincecum,4.13,1.48,76.1,15
2015,606273,Roenis Elías,4.14,1.3,115.1,20
2015,444520,Craig Breslow,4.15,1.42,65.0,2
2015,628452,Raisel Iglesias,4.15,1.14,95.1,16
2015,112526,Bartolo Colon,4.16,1.24,194.2,31
2015,407822,Jorge De La Rosa,4.17,1.36,149.0,26
2015,445926,Jesse Chavez,4.18,1.35,157.0,26
2015,595032,Chase Whitley,4.19,1.29,19.1,4
2015,450729,Doug Fister,4.19,1.4,103.0,15
2015,543135,Nathan Eovaldi,4.2,1.45,154.1,27
2015,518452,Chad Bettis,4.23,1.41,115.0,20
2015,592332,Kevin Gausman,4.25,1.23,112.1,17
2015,460059,Mike Pelfrey,4.26,1.48,164.2,30
2015,607067,Colin Rea,4.26,1.26,31.2,6
2015,453178,Ian Kennedy,4.28,1.3,168.1,30
2015,516414,Ariel Peña,4.28,1.39,27.1,5
2015,502624,Chase Anderson,4.3,1.3,152.2,27
2015,488768,Andrew Cashner,4.34,1.44,184.2,31
2015,433584,Roberto Hernandez,4.36,1.37,84.2,11
2015,592826,Vince Velasquez,4.37,1.28,55.2,7
2015,501381,Michael Pineda,4.37,1.23,160.2,27
2015,543699,Tanner Roark,4.38,1.31,111.0,12
2015,461833,Phil Hughes,4.4,1.29,155.1,25
2015,542674,Gonzalez Germen,4.42,1.73,38.2,1
2015,218596,Tim Hudson,4.44,1.38,123.2,22
2015,429780,Chris Narveson,4.45,1.09,30.1,2
2015,533167,Matt Shoemaker,4.46,1.26,135.1,24
2015,519085,Brett Oberholtzer,4.46,1.59,38.1,8
2015,489119,Wade Miley,4.46,1.37,193.2,32
2015,527048,Martín Pérez,4.46,1.42,78.2,14
2015,594986,Kyle Ryan,4.47,1.42,56.1,6
2015,605388,Adam Morgan,4.48,1.25,84.1,15
2015,502046,Jeff Locke,4.49,1.42,168.1,30
2015,606160,Rafael Montero,4.5,1.4,10.0,1
2015,543607,Edgar Olmos,4.5,1.71,14.0,2
2015,475479,David Phelps,4.5,1.36,112.0,19
2015,543054,Jarred Cosart,4.52,1.38,69.2,13
2015,545333,Trevor Bauer,4.55,1.31,176.0,30
2015,592836,Taijuan Walker,4.56,1.2,169.2,29
2015,596064,Henry Owens,4.57,1.37,63.0,11
2015,543557,Mike Montgomery,4.6,1.43,90.0,16
2015,476451,Jeremy Hellickson,4.62,1.33,146.0,27
2015,621209,Jon Moscot,4.63,1.37,11.2,3
2015,450308,Jered Weaver,4.64,1.23,159.0,26
2015,407890,Colby Lewis,4.66,1.24,204.2,33
2015,285064,Ryan Vogelsong,4.67,1.47,135.0,22
2015,523989,Rubby De La Rosa,4.67,1.36,188.2,32
2015,605538,Matt Wisler,4.71,1.46,109.0,19
2015,433579,John Danks,4.71,1.41,177.2,30
2015,503449,Wily Peralta,4.72,1.54,108.2,20
2015,282332,CC Sabathia,4.73,1.42,167.1,29
2015,548357,Christian Bergman,4.74,1.42,68.1,4
2015,456071,Yohan Flande,4.74,1.43,68.1,10
2015,572362,Robbie Erlin,4.76,1.06,17.0,3
2015,543901,Ryan Weber,4.76,1.09,28.1,5
2015,554234,Williams Pérez,4.78,1.55,116.2,20
2015,593423,Frankie Montas,4.8,1.53,15.0,2
2015,450203,Charlie Morton,4.81,1.38,129.0,23
2015,523260,Joe Kelly,4.82,1.44,134.1,25
2015,421685,Aaron Harang,4.86,1.39,172.1,29
2015,434643,Wandy Rodriguez,4.9,1.56,86.1,15
2015,502706,Derek Holland,4.91,1.3,58.2,10
2015,456068,Miguel González,4.91,1.4,144.2,26
2015,519144,Rick Porcello,4.92,1.36,172.0,28
2015,543242,J.R. Graham,4.95,1.48,63.2,1
2015,502009,Mat Latos,4.95,1.31,116.1,21
2015,502188,Jeff Samardzija,4.96,1.29,214.0,32
2015,572309,Kendry Flores,4.97,1.58,12.2,1
2015,434671,Aníbal Sánchez,4.99,1.28,157.0,25
2015,501957,Chris Tillman,4.99,1.39,173.0,31
2015,430580,Alfredo Simon,5.05,1.44,187.0,31
2015,467100,Iván Nova,5.07,1.4,94.0,17
2015,544365,Manny Banuelos,5.13,1.59,26.1,6
2015,543475,Jordan Lyles,5.14,1.49,49.0,10
2015,571057,Frank Garces,5.21,1.66,38.0,1
2015,474284,Cory Rasmus,5.23,1.26,20.2,1
2015,570632,José Ureña,5.25,1.59,61.2,9
2015,543594,Sean Nolin,5.28,1.62,29.0,6
2015,518863,Taylor Jordan,5.29,1.53,17.0,1
2015,543272,Brad Hand,5.3,1.49,93.1,12
2015,543734,Chris Rusin,5.33,1.6,131.2,22
2015,502239,Trevor Cahill,5.4,1.38,43.1,3
2015,547179,Michael Lorenzen,5.4,1.66,113.1,21
2015,605347,Jorge López,5.4,1.9,10.0,2
2015,451788,Shaun Marcum,5.4,1.23,35.0,6
2015,502166,Brad Mills,5.4,1.6,5.0,1
2015,502748,Brad Peacock,5.4,1.4,5.0,1
2015,573185,Dan Straily,5.4,1.44,16.2,3
2015,519043,Matt Moore,5.43,1.54,63.0,12
2015,598264,Matt Barnes,5.44,1.65,43.0,2
2015,467094,Félix Doubront,5.5,1.5,75.1,12
2015,592351,Jon Gray,5.53,1.62,40.2,9
2015,456701,Homer Bailey,5.56,1.76,11.1,2
2015,571800,Drew Hutchison,5.57,1.48,150.1,28
2015,475416,Justin Masterson,5.61,1.6,59.1,9
2015,490063,Matt Garza,5.63,1.57,148.2,25
2015,571561,Tony Cingrani,5.67,1.68,33.1,1
2015,572788,Tyler Cravy,5.7,1.62,42.2,7
2015,592314,Mike Foltynewicz,5.71,1.63,86.2,15
2015,435044,Scott Baker,5.73,1.27,11.0,2
2015,430912,Matt Cain,5.79,1.5,60.2,11
2015,595918,A.J. Cole,5.79,1.61,9.1,1
2015,543424,John Lamb,5.8,1.55,49.2,10
2015,628333,Odrisamer Despaigne,5.8,1.38,125.2,18
2015,425532,Jerome Williams,5.8,1.61,121.0,21
2015,605151,Archie Bradley,5.8,1.63,35.2,8
2015,543903,Allen Webster,5.81,1.68,31.0,5
2015,451532,Chad Billingsley,5.84,1.65,37.0,7
2015,346798,Kyle Lohse,5.85,1.46,152.1,22
2015,445590,Eric Stults,5.85,1.28,47.2,8
2015,435221,Brandon McCarthy,5.87,1.22,23.0,4
2015,572750,Eddie Butler,5.9,1.82,79.1,16
2015,518716,Dillon Gee,5.9,1.66,39.2,7
2015,543456,Kyle Lobstein,5.94,1.59,63.2,11
2015,425386,Jeremy Guthrie,5.95,1.55,148.1,24
2015,571476,Chris Beck,6.0,2.33,6.0,1
2015,605541,Mike Wright Jr.,6.04,1.57,44.2,9
2015,457711,Sean O'Sullivan,6.08,1.61,71.0,13
2015,571735,David Hale,6.09,1.47,78.1,12
2015,150116,Randy Wolf,6.23,1.76,34.2,7
2015,452718,Kyle Kendrick,6.32,1.52,142.1,27
2015,571951,Bryan Mitchell,6.37,1.79,29.2,2
2015,506693,Henderson Alvarez,6.45,1.57,22.1,4
2015,571577,Scott Copeland,6.46,1.7,15.1,3
2015,150302,Jason Marquis,6.46,1.65,47.1,9
2015,572102,Keyvius Sampson,6.54,1.78,52.1,12
2015,429781,Kevin Correia,6.56,1.93,23.1,5
2015,605156,Aaron Brooks,6.67,1.57,55.1,9
2015,502032,Bud Norris,6.72,1.58,83.0,11
2015,457448,Matt Harrison,6.75,1.56,16.0,3
2015,607309,Phil Klein,6.75,1.9,17.1,2
2015,445060,Ricky Nolasco,6.75,1.71,37.1,8
2015,465679,Samuel Deduno,6.86,1.57,21.0,2
2015,572888,Shane Greene,6.88,1.55,83.2,16
2015,456051,Hector Noesí,6.89,1.78,32.2,5
2015,595001,Josh A. Smith,6.89,1.93,32.2,7
2015,430661,Dustin McGowan,6.94,2.1,23.1,1
2015,571527,David Buchanan,6.99,1.85,74.2,15
2015,592879,Asher Wojciechowski,7.16,1.84,16.1,3
2015,621281,Tyler Wagner,7.24,2.12,13.2,3
2015,446321,Ross Detwiler,7.25,2.02,58.1,7
2015,445170,Todd Redmond,7.31,1.5,16.0,1
2015,571656,Buck Farmer,7.36,1.74,40.1,5
2015,571510,Matthew Boyd,7.53,1.59,57.1,12
2015,571787,David Holmberg,7.62,1.84,28.1,6
2015,519168,Anthony Ranaudo,7.63,1.7,15.1,2
2015,607968,Drew Rucinski,7.71,2.29,7.0,1
2015,545404,Brandon Beachy,7.88,2.0,8.0,2
2015,605894,Severino González,7.92,1.66,30.2,7
2015,592533,Cody Martin,7.92,1.7,30.2,2
2015,543391,Casey Kelly,7.94,1.94,11.1,2
2015,425626,Chris Capuano,7.97,1.82,40.2,4
2015,538506,Toru Murata,8.1,1.5,3.1,1
2015,598271,Brian Johnson,8.31,1.62,4.1,1
2015,543921,Joe Wieland,8.31,1.73,8.2,2
2015,453307,David Huff,9.0,2.0,6.0,1
2015,594742,Alec Asher,9.31,1.79,29.0,7
2015,542923,Dallas Beeler,9.72,2.52,8.1,3
2015,217096,Barry Zito,10.29,2.57,7.0,2
2015,543698,Donn Roach,10.8,2.7,3.1,1
2015,136600,Bruce Chen,12.79,2.84,6.1,2
2015,543334,TJ House,13.15,2.54,13.0,4
2015,518418,Phillippe Aumont,13.5,3.0,4.0,1
2015,594835,Marco Gonzales,13.5,3.0,2.2,1
2015,545346,Zach Lee,13.5,2.57,4.2,1
2016,572309,Kendry Flores,0.0,1.33,3.0,1
2016,621389,Ty Blach,1.06,0.76,17.0,2
2016,642239,Rob Zastryzny,1.13,1.06,16.0,1
2016,594772,Jake Buchanan,1.5,0.67,6.0,1
2016,621052,Alex Reyes,1.57,1.22,46.0,5
2016,607320,Ryan Merritt,1.64,0.55,11.0,1
2016,477132,Clayton Kershaw,1.69,0.72,149.0,21
2016,571863,Matt Koch,2.0,0.72,18.0,2
2016,448179,Rich Hill,2.12,1.0,110.1,20
2016,543294,Kyle Hendricks,2.13,0.98,190.0,30
2016,605194,Jharel Cotton,2.15,0.82,29.1,5
2016,606965,Chris Devenski,2.16,0.91,108.1,5
2016,450306,Jason Vargas,2.25,0.92,12.0,3
2016,594742,Alec Asher,2.28,0.94,27.2,5
2016,475479,David Phelps,2.28,1.14,86.2,5
2016,572070,Garrett Richards,2.34,1.33,34.2,6
2016,607229,Robert Gsellman,2.42,1.28,44.2,7
2016,452657,Jon Lester,2.44,1.02,202.2,32
2016,595032,Chase Whitley,2.51,1.12,14.1,1
2016,543557,Mike Montgomery,2.52,1.17,100.0,7
2016,628452,Raisel Iglesias,2.53,1.14,78.1,5
2016,592789,Noah Syndergaard,2.6,1.15,183.2,30
2016,543169,Brian Flynn,2.6,1.1,55.1,1
2016,607625,Seth Lugo,2.67,1.09,64.0,8
2016,518516,Madison Bumgarner,2.74,1.03,226.2,34
2016,502239,Trevor Cahill,2.74,1.28,65.2,1
2016,456501,Johnny Cueto,2.79,1.09,219.2,32
2016,448855,Junior Guerra,2.81,1.13,121.2,20
2016,543699,Tanner Roark,2.83,1.17,210.0,33
2016,572788,Tyler Cravy,2.86,1.16,28.1,2
2016,605228,José Fernández,2.86,1.12,182.1,29
2016,453286,Max Scherzer,2.96,0.97,228.1,34
2016,592717,Aaron Sanchez,3.0,1.17,192.0,30
2016,594798,Jacob deGrom,3.04,1.2,148.0,24
2016,593372,Carlos Martinez,3.04,1.22,195.1,31
2016,434378,Justin Verlander,3.04,1.0,227.2,34
2016,605242,Michael Fulmer,3.06,1.12,159.0,26
2016,547888,Masahiro Tanaka,3.07,1.08,199.2,31
2016,453562,Jake Arrieta,3.1,1.08,197.1,31
2016,446372,Corey Kluber,3.14,1.06,215.0,32
2016,519144,Rick Porcello,3.15,1.01,223.0,33
2016,457918,J.A. Happ,3.18,1.17,195.0,32
2016,500779,Jose Quintana,3.2,1.16,208.0,32
2016,527054,Julio Teheran,3.21,1.05,188.0,30
2016,621121,Lance McCullers Jr.,3.22,1.54,81.0,14
2016,571951,Bryan Mitchell,3.24,1.52,25.0,5
2016,543101,Anthony DeSclafani,3.28,1.22,123.1,20
2016,430935,Cole Hamels,3.32,1.31,200.2,32
2016,471911,Carlos Carrasco,3.32,1.15,146.1,25
2016,519141,Drew Pomeranz,3.32,1.18,170.2,30
2016,608718,Brent Suter,3.32,1.38,21.2,2
2016,453385,Clayton Richard,3.33,1.66,67.2,9
2016,453214,Steven Wright,3.33,1.24,156.2,24
2016,519242,Chris Sale,3.34,1.04,226.2,32
2016,407793,John Lackey,3.35,1.06,188.1,29
2016,596057,Daniel Norris,3.38,1.4,69.1,13
2016,429722,Ervin Santana,3.38,1.22,181.1,30
2016,592791,Jameson Taillon,3.38,1.12,104.0,18
2016,628711,Julio Urías,3.39,1.45,77.0,15
2016,571927,Steven Matz,3.4,1.21,132.1,22
2016,506433,Yu Darvish,3.41,1.12,100.1,17
2016,112526,Bartolo Colon,3.43,1.21,191.2,33
2016,605452,Joe Ross,3.43,1.3,105.0,19
2016,502083,Zach McAllister,3.44,1.45,52.1,2
2016,462136,Marco Estrada,3.48,1.12,176.0,29
2016,628317,Kenta Maeda,3.48,1.14,175.2,32
2016,518633,Danny Duffy,3.51,1.14,179.2,26
2016,573064,Vidal Nuño,3.53,1.33,58.2,1
2016,474699,Vance Worley,3.53,1.37,86.2,4
2016,605483,Blake Snell,3.54,1.62,89.0,19
2016,542881,Tyler Anderson,3.54,1.29,114.1,19
2016,607374,Nick Tropeano,3.56,1.48,68.1,13
2016,544931,Stephen Strasburg,3.6,1.1,147.2,24
2016,592332,Kevin Gausman,3.61,1.28,179.2,30
2016,595191,Jerad Eickhoff,3.65,1.16,197.1,33
2016,453178,Ian Kennedy,3.68,1.22,195.2,33
2016,543606,Jake Odorizzi,3.69,1.19,187.2,33
2016,502748,Brad Peacock,3.69,1.11,31.2,5
2016,518567,Josh Collmenter,3.7,1.26,41.1,3
2016,407890,Colby Lewis,3.71,1.13,116.1,19
2016,476451,Jeremy Hellickson,3.71,1.15,189.0,32
2016,622072,Alex Wood,3.73,1.26,60.1,10
2016,456068,Miguel González,3.73,1.24,135.0,23
2016,543734,Chris Rusin,3.74,1.25,84.1,7
2016,573185,Dan Straily,3.76,1.19,191.1,31
2016,501957,Chris Tillman,3.77,1.28,172.0,30
2016,541640,Erasmo Ramírez,3.77,1.28,90.2,1
2016,453281,Wade LeBlanc,3.77,1.13,62.0,8
2016,572020,James Paxton,3.79,1.31,121.0,20
2016,502188,Jeff Samardzija,3.81,1.2,203.1,32
2016,433587,Félix Hernández,3.82,1.32,153.1,25
2016,434628,Jason Hammel,3.83,1.21,166.2,30
2016,543045,Adam Conley,3.85,1.4,133.1,25
2016,640455,Sean Manaea,3.86,1.19,144.2,24
2016,592533,Cody Martin,3.86,1.44,25.2,2
2016,517593,Danny Salazar,3.87,1.34,137.1,25
2016,543022,Tyler Chatwood,3.87,1.37,158.0,27
2016,543037,Gerrit Cole,3.88,1.44,116.0,21
2016,664641,Aríel Miranda,3.88,1.12,58.0,10
2016,533167,Matt Shoemaker,3.88,1.23,160.0,27
2016,282332,CC Sabathia,3.91,1.32,179.2,30
2016,548389,Ross Stripling,3.96,1.26,100.0,14
2016,605200,Zach Davies,3.97,1.25,163.1,28
2016,444857,Scott Feldman,3.97,1.38,77.0,5
2016,605232,Brandon Finnegan,3.98,1.36,172.0,31
2016,456034,David Price,3.99,1.2,230.0,35
2016,534947,Tim Adleman,4.0,1.21,69.2,13
2016,605164,Dylan Bundy,4.02,1.38,109.2,14
2016,572362,Robbie Erlin,4.02,0.96,15.2,2
2016,502042,Chris Archer,4.02,1.24,201.1,33
2016,607074,Carlos Rodón,4.04,1.39,165.0,28
2016,518560,Paul Clemens,4.04,1.44,71.1,14
2016,605397,Joe Musgrove,4.06,1.21,62.0,10
2016,519043,Matt Moore,4.08,1.29,198.1,33
2016,608665,Kendall Graveman,4.11,1.31,186.0,31
2016,547874,Hisashi Iwakuma,4.12,1.33,199.0,33
2016,592826,Vince Velasquez,4.12,1.33,131.0,24
2016,450203,Charlie Morton,4.15,1.33,17.1,4
2016,467100,Iván Nova,4.17,1.25,162.0,26
2016,572140,Tyler Skaggs,4.17,1.49,49.2,10
2016,641771,Chad Kuhl,4.2,1.32,70.2,14
2016,449173,Lucas Harrell,4.21,1.51,47.0,9
2016,592836,Taijuan Walker,4.22,1.24,134.1,25
2016,607192,Tyler Glasnow,4.24,1.5,23.1,4
2016,594943,Zach Neal,4.24,1.11,70.0,6
2016,545333,Trevor Bauer,4.26,1.31,190.0,28
2016,523989,Rubby De La Rosa,4.26,1.24,50.2,10
2016,544150,Albert Suárez,4.29,1.31,84.0,12
2016,592314,Mike Foltynewicz,4.31,1.3,123.1,22
2016,592811,Andrew Triggs,4.31,1.22,56.1,6
2016,543408,Tom Koehler,4.33,1.47,176.2,33
2016,543521,Collin McHugh,4.34,1.41,184.2,33
2016,572102,Keyvius Sampson,4.35,1.7,39.1,2
2016,570666,Luis Cessa,4.35,1.11,70.1,9
2016,425844,Zack Greinke,4.37,1.27,158.2,26
2016,573186,Marcus Stroman,4.37,1.29,204.0,32
2016,542882,Matt Andriese,4.37,1.22,127.2,19
2016,502624,Chase Anderson,4.39,1.37,151.2,30
2016,527048,Martín Pérez,4.39,1.41,198.2,33
2016,458708,Josh Tomlin,4.4,1.19,174.0,29
2016,445060,Ricky Nolasco,4.42,1.24,197.2,32
2016,570649,Yordano Ventura,4.45,1.44,186.0,32
2016,285079,R.A. Dickey,4.46,1.37,169.2,29
2016,571666,Mike Fiers,4.48,1.36,168.2,30
2016,504379,Juan Nicasio,4.5,1.37,118.0,12
2016,433589,Yusmeiro Petit,4.5,1.32,62.0,1
2016,490063,Matt Garza,4.51,1.5,101.2,19
2016,571510,Matthew Boyd,4.53,1.29,97.1,18
2016,572971,Dallas Keuchel,4.55,1.29,168.0,26
2016,431148,Scott Kazmir,4.56,1.36,136.1,26
2016,461829,Gio Gonzalez,4.57,1.34,177.1,32
2016,571656,Buck Farmer,4.6,1.53,29.1,1
2016,592351,Jon Gray,4.61,1.26,168.0,29
2016,519076,Jimmy Nelson,4.62,1.52,179.1,32
2016,425794,Adam Wainwright,4.62,1.4,198.2,33
2016,450729,Doug Fister,4.64,1.43,180.1,32
2016,448802,Jaime García,4.67,1.37,171.2,30
2016,595001,Josh A. Smith,4.68,1.39,59.2,2
2016,518716,Dillon Gee,4.68,1.46,125.0,14
2016,476589,Adam Warren,4.68,1.35,65.1,1
2016,502190,Mike Leake,4.69,1.32,176.2,30
2016,434538,Francisco Liriano,4.69,1.48,163.0,29
2016,502327,Héctor Santiago,4.7,1.36,182.0,33
2016,593958,Eduardo Rodriguez,4.71,1.3,107.0,20
2016,643338,Chad Green,4.73,1.4,45.2,8
2016,543135,Nathan Eovaldi,4.76,1.31,124.2,21
2016,453329,Clay Buchholz,4.78,1.33,139.1,21
2016,605400,Aaron Nola,4.78,1.31,111.0,20
2016,518452,Chad Bettis,4.79,1.41,186.0,32
2016,543184,Christian Friedrich,4.8,1.41,129.1,23
2016,285064,Ryan Vogelsong,4.81,1.46,82.1,14
2016,468504,Jhoulys Chacín,4.81,1.44,144.0,22
2016,501381,Michael Pineda,4.82,1.35,175.2,32
2016,607067,Colin Rea,4.82,1.42,102.2,19
2016,518774,Matt Harvey,4.86,1.47,92.2,17
2016,643230,Steven Brault,4.86,1.86,33.1,7
2016,607231,John Gant,4.86,1.5,50.0,7
2016,503449,Wily Peralta,4.86,1.53,127.2,23
2016,519455,Jordan Zimmermann,4.87,1.37,105.1,18
2016,592767,Drew Smyly,4.88,1.27,175.1,30
2016,503444,Joel De La Cruz,4.88,1.39,62.2,9
2016,656546,Jeff Hoffman,4.88,1.72,31.1,6
2016,502009,Mat Latos,4.89,1.49,70.0,12
2016,592662,Robbie Ray,4.9,1.47,174.1,32
2016,625643,Reynaldo López,4.91,1.57,44.0,6
2016,502706,Derek Holland,4.95,1.41,107.1,20
2016,435221,Brandon McCarthy,4.95,1.38,40.0,9
2016,612672,Wei-Yin Chen,4.96,1.28,123.1,22
2016,592593,Justin Nicolino,4.99,1.46,79.1,13
2016,605538,Matt Wisler,5.0,1.33,156.2,26
2016,605151,Archie Bradley,5.02,1.56,141.2,26
2016,570714,César Vargas,5.03,1.65,34.0,7
2016,450308,Jered Weaver,5.06,1.46,178.0,31
2016,456167,A.J. Griffin,5.07,1.36,119.0,23
2016,460059,Mike Pelfrey,5.07,1.73,119.0,22
2016,502043,Kyle Gibson,5.07,1.56,147.1,25
2016,608379,Michael Wacha,5.09,1.48,138.0,24
2016,502032,Bud Norris,5.1,1.46,113.0,19
2016,600944,David Paulino,5.14,1.29,7.0,1
2016,571578,Patrick Corbin,5.15,1.56,155.2,24
2016,501992,Nate Karns,5.15,1.48,94.1,15
2016,595918,A.J. Cole,5.17,1.33,38.1,8
2016,523260,Joe Kelly,5.18,1.7,40.0,6
2016,548337,Logan Verrett,5.2,1.56,91.2,12
2016,608566,Germán Márquez,5.23,1.65,20.2,3
2016,488768,Andrew Cashner,5.25,1.53,132.0,27
2016,571800,Drew Hutchison,5.25,1.46,24.0,3
2016,605182,Mike Clevinger,5.26,1.49,53.0,10
2016,592869,Tyler Wilson,5.27,1.43,94.0,13
2016,640463,Braden Shipley,5.27,1.54,70.0,11
2016,489119,Wade Miley,5.37,1.42,166.0,30
2016,450172,Edinson Volquez,5.37,1.55,189.1,34
2016,451596,Yovani Gallardo,5.42,1.58,118.0,23
2016,434622,Ubaldo Jiménez,5.44,1.56,142.1,25
2016,502046,Jeff Locke,5.44,1.53,127.1,19
2016,543901,Ryan Weber,5.45,1.4,36.1,2
2016,477003,Jonathon Niese,5.5,1.59,121.0,20
2016,407822,Jorge De La Rosa,5.51,1.64,134.0,24
2016,408241,Jake Peavy,5.54,1.43,118.2,21
2016,605222,Jake Esch,5.54,1.77,13.0,3
2016,621107,Zach Eflin,5.54,1.33,63.1,11
2016,607259,Nick Martinez,5.59,1.66,38.2,5
2016,430912,Matt Cain,5.64,1.51,89.1,17
2016,543542,Alex Meyer,5.68,1.66,25.1,6
2016,543243,Sonny Gray,5.69,1.5,117.0,22
2016,596133,Luke Weaver,5.7,1.6,36.1,8
2016,622097,Jake Thompson,5.7,1.51,53.2,10
2016,606131,Luis Perdomo,5.71,1.59,146.2,20
2016,543548,Tommy Milone,5.71,1.53,69.1,12
2016,592779,Brock Stewart,5.79,1.61,28.0,5
2016,605541,Mike Wright Jr.,5.79,1.43,74.2,12
2016,543391,Casey Kelly,5.82,1.71,21.2,1
2016,572888,Shane Greene,5.82,1.33,60.1,3
2016,452027,Andrew Albers,5.82,1.94,17.0,2
2016,543475,Jordan Lyles,5.83,1.65,58.2,5
2016,622663,Luis Severino,5.83,1.45,71.0,11
2016,474284,Cory Rasmus,5.84,1.66,24.2,1
2016,448306,James Shields,5.85,1.6,181.2,33
2016,434671,Aníbal Sánchez,5.87,1.46,153.1,26
2016,592433,Tyrell Jenkins,5.88,1.69,52.0,8
2016,519085,Brett Oberholtzer,5.89,1.62,70.1,2
2016,429719,Edwin Jackson,5.89,1.58,84.0,13
2016,461833,Phil Hughes,5.95,1.51,59.0,11
2016,543054,Jarred Cosart,6.0,1.75,57.0,13
2016,571760,Andrew Heaney,6.0,1.17,6.0,1
2016,534910,Jesse Hahn,6.02,1.64,46.1,9
2016,605388,Adam Morgan,6.04,1.5,113.1,21
2016,554234,Williams Pérez,6.04,1.34,53.2,11
2016,459987,Cesár Ramos,6.04,1.68,47.2,4
2016,596112,Robert Stephenson,6.08,1.62,37.0,8
2016,446321,Ross Detwiler,6.1,1.6,48.2,7
2016,605135,Chris Bassitt,6.11,1.75,28.0,5
2016,642229,Daniel Wright,6.13,1.64,39.2,7
2016,570632,José Ureña,6.13,1.43,83.2,12
2016,571946,Shelby Miller,6.15,1.67,101.0,20
2016,432934,Chris Young,6.19,1.66,88.2,13
2016,534737,Pat Dean,6.28,1.65,67.1,9
2016,458006,Matt Albers,6.31,1.68,51.1,1
2016,592254,José De León,6.35,1.53,17.0,4
2016,593679,Gabriel Ynoa,6.38,1.8,18.1,3
2016,643327,Zack Godley,6.39,1.49,74.2,9
2016,608648,Tyler Duffey,6.43,1.5,133.0,26
2016,543424,John Lamb,6.43,1.64,70.0,14
2016,517448,Wilfredo Boscan,6.46,1.43,15.1,1
2016,596043,Daniel Mengden,6.5,1.61,72.0,14
2016,545363,Jacob Turner,6.57,1.99,24.2,2
2016,547007,Rob Whalen,6.57,1.3,24.2,5
2016,456701,Homer Bailey,6.65,1.83,23.0,6
2016,594736,Cody Anderson,6.68,1.62,60.2,9
2016,608337,Lucas Giolito,6.75,1.78,21.1,4
2016,457711,Sean O'Sullivan,6.75,1.69,21.1,4
2016,502211,Mike Bolsinger,6.83,1.52,27.2,6
2016,596064,Henry Owens,6.95,1.95,22.0,5
2016,607309,Phil Klein,6.98,1.66,19.1,2
2016,474668,Eric Surkamp,6.98,1.97,38.2,9
2016,543219,Sean Gilmartin,7.13,1.58,17.2,1
2016,572750,Eddie Butler,7.17,1.69,64.0,9
2016,546276,Edwin Escobar,7.23,1.9,23.2,2
2016,593417,Raúl Alcántara,7.25,1.57,22.1,5
2016,433579,John Danks,7.25,1.75,22.1,4
2016,642003,Cody Reed,7.36,1.8,47.2,10
2016,594760,Aaron Blair,7.59,1.66,70.0,15
2016,592716,Adrian Sampson,7.71,1.93,4.2,1
2016,543380,Taylor Jungmann,7.76,1.76,26.2,6
2016,450665,Kris Medlen,7.77,2.05,24.1,6
2016,592866,Trevor Williams,7.82,1.89,12.2,1
2016,433584,Roberto Hernandez,8.0,1.56,9.0,2
2016,621209,Jon Moscot,8.02,1.69,21.1,5
2016,621244,José Berríos,8.02,1.87,58.1,14
2016,606160,Rafael Montero,8.05,2.05,19.0,3
2016,605304,Erik Johnson,8.33,1.82,31.1,6
2016,548357,Christian Bergman,8.39,1.82,24.2,1
2016,502171,Alex Cobb,8.59,1.77,22.0,5
2016,592346,Chi Chi González,8.71,2.9,10.1,3
2016,453311,Tim Lincecum,9.16,2.37,38.1,9
2016,430580,Alfredo Simon,9.36,2.05,58.2,11
2016,519168,Anthony Ranaudo,9.48,1.79,31.1,5
2016,543921,Joe Wieland,10.8,1.8,5.0,1
2016,543532,Tim Melville,11.0,2.78,9.0,2
2016,519344,Nick Tepesch,11.25,1.75,4.0,1
2016,592614,Dillon Overton,11.47,2.26,24.1,5
2016,547943,Hyun Jin Ryu,11.57,2.14,4.2,1
2016,453307,David Huff,11.81,2.81,5.1,2
2016,475115,Tyson Ross,11.81,1.88,5.1,1
2016,474463,Brett Anderson,11.91,2.56,11.1,3
2016,346798,Kyle Lohse,12.54,2.14,9.1,2
2016,606273,Roenis Elías,12.91,2.61,7.2,1
2016,451085,Brian Matusz,14.0,2.89,9.0,1
2016,572086,Brady Rodgers,15.12,2.64,8.1,1
2016,594577,Mike Mayers,27.0,3.56,5.1,1
2017,641501,Tyler Danish,0.0,1.8,5.0,1
2017,607320,Ryan Merritt,1.74,1.45,20.2,4
2017,643338,Chad Green,1.83,0.74,69.0,1
2017,446372,Corey Kluber,2.25,0.87,203.2,29
2017,572070,Garrett Richards,2.28,0.9,27.2,6
2017,477132,Clayton Kershaw,2.31,0.95,175.0,27
2017,608337,Lucas Giolito,2.38,0.95,45.1,7
2017,543901,Ryan Weber,2.45,0.82,3.2,1
2017,592222,Alex Claudio,2.5,1.04,82.2,1
2017,453286,Max Scherzer,2.51,0.9,200.2,31
2017,544931,Stephen Strasburg,2.52,1.02,175.1,28
2017,592547,Deck McGuire,2.63,0.88,13.2,2
2017,641816,Tyler Mahle,2.7,1.5,20.0,4
2017,622072,Alex Wood,2.72,1.06,152.1,25
2017,502624,Chase Anderson,2.74,1.09,141.1,25
2017,433589,Yusmeiro Petit,2.76,0.95,91.1,1
2017,592662,Robbie Ray,2.89,1.15,162.0,28
2017,519242,Chris Sale,2.9,0.97,214.1,32
2017,572971,Dallas Keuchel,2.9,1.12,145.2,23
2017,584171,Hector Velázquez,2.92,1.14,24.2,3
2017,461829,Gio Gonzalez,2.96,1.18,201.0,32
2017,592789,Noah Syndergaard,2.97,1.05,30.1,7
2017,572020,James Paxton,2.98,1.1,136.0,24
2017,622663,Luis Severino,2.98,1.04,193.1,31
2017,502748,Brad Peacock,3.0,1.19,132.0,21
2017,543294,Kyle Hendricks,3.03,1.19,139.2,24
2017,573186,Marcus Stroman,3.09,1.31,201.0,33
2017,605182,Mike Clevinger,3.11,1.25,121.2,21
2017,622491,Luis Castillo,3.12,1.07,89.1,15
2017,596043,Daniel Mengden,3.14,1.05,43.0,7
2017,425844,Zack Greinke,3.2,1.07,202.1,32
2017,621112,Paul Blackburn,3.22,1.26,58.2,10
2017,429722,Ervin Santana,3.28,1.13,211.1,33
2017,471911,Carlos Carrasco,3.29,1.1,200.0,32
2017,519141,Drew Pomeranz,3.32,1.35,173.2,32
2017,448179,Rich Hill,3.32,1.09,135.2,25
2017,518516,Madison Bumgarner,3.32,1.09,111.0,17
2017,434378,Justin Verlander,3.36,1.17,206.0,33
2017,643327,Zack Godley,3.37,1.14,155.0,25
2017,543557,Mike Montgomery,3.38,1.21,130.2,14
2017,456034,David Price,3.38,1.19,74.2,11
2017,488768,Andrew Cashner,3.4,1.32,166.2,28
2017,592779,Brock Stewart,3.41,1.37,34.1,4
2017,608718,Brent Suter,3.42,1.29,81.2,14
2017,607188,Jake Faria,3.43,1.18,86.2,14
2017,458681,Lance Lynn,3.43,1.23,186.1,33
2017,518716,Dillon Gee,3.47,1.4,49.1,4
2017,658792,Aaron Wilkerson,3.48,0.68,10.1,2
2017,592836,Taijuan Walker,3.49,1.33,157.1,28
2017,519076,Jimmy Nelson,3.49,1.25,175.1,29
2017,452027,Andrew Albers,3.51,1.29,41.0,6
2017,612434,Miguel Castro,3.53,1.22,66.1,1
2017,453562,Jake Arrieta,3.53,1.22,168.1,30
2017,457918,J.A. Happ,3.53,1.31,145.1,25
2017,594798,Jacob deGrom,3.53,1.19,201.1,31
2017,605400,Aaron Nola,3.54,1.21,168.0,27
2017,543243,Sonny Gray,3.55,1.21,162.1,27
2017,543521,Collin McHugh,3.55,1.29,63.1,12
2017,517414,Randall Delgado,3.59,1.18,62.2,5
2017,450203,Charlie Morton,3.62,1.19,146.2,25
2017,593372,Carlos Martinez,3.64,1.22,205.0,32
2017,592170,Parker Bridwell,3.64,1.2,121.0,20
2017,502171,Alex Cobb,3.66,1.22,179.1,29
2017,592351,Jon Gray,3.67,1.3,110.1,20
2017,608717,Chris Stratton,3.68,1.48,58.2,10
2017,282332,CC Sabathia,3.69,1.27,148.2,27
2017,543542,Alex Meyer,3.74,1.34,67.1,13
2017,548389,Ross Stripling,3.75,1.18,74.1,2
2017,547943,Hyun Jin Ryu,3.77,1.37,126.2,24
2017,595918,A.J. Cole,3.81,1.5,52.0,8
2017,608331,Max Fried,3.81,1.62,26.0,4
2017,518633,Danny Duffy,3.81,1.26,146.1,24
2017,612672,Wei-Yin Chen,3.82,1.03,33.0,5
2017,570632,José Ureña,3.82,1.27,169.2,28
2017,605242,Michael Fulmer,3.83,1.15,164.2,25
2017,506433,Yu Darvish,3.86,1.16,186.2,31
2017,608334,Carson Fulmer,3.86,1.24,23.1,5
2017,596133,Luke Weaver,3.88,1.26,60.1,10
2017,656756,Jordan Montgomery,3.88,1.23,155.1,29
2017,622097,Jake Thompson,3.88,1.55,46.1,8
2017,621244,José Berríos,3.89,1.23,145.2,25
2017,468504,Jhoulys Chacín,3.89,1.27,180.1,32
2017,605200,Zach Davies,3.9,1.35,191.1,33
2017,502190,Mike Leake,3.92,1.28,186.0,31
2017,572750,Eddie Butler,3.95,1.43,54.2,11
2017,435221,Brandon McCarthy,3.98,1.25,92.2,16
2017,628333,Odrisamer Despaigne,4.01,1.39,58.1,8
2017,571578,Patrick Corbin,4.03,1.42,189.2,32
2017,605483,Blake Snell,4.04,1.33,129.1,24
2017,592866,Trevor Williams,4.07,1.31,150.1,25
2017,502042,Chris Archer,4.07,1.26,201.0,34
2017,571946,Shelby Miller,4.09,1.45,22.0,4
2017,607536,Kyle Freeland,4.1,1.49,156.0,28
2017,608379,Michael Wacha,4.13,1.36,165.2,30
2017,467100,Iván Nova,4.14,1.28,187.0,31
2017,543606,Jake Odorizzi,4.14,1.24,143.1,28
2017,500779,Jose Quintana,4.15,1.22,188.2,32
2017,605232,Brandon Finnegan,4.15,1.69,13.0,4
2017,500724,JC Ramírez,4.15,1.34,147.1,24
2017,607074,Carlos Rodón,4.15,1.37,69.1,12
2017,593679,Gabriel Ynoa,4.15,1.36,34.2,4
2017,450306,Jason Vargas,4.16,1.33,179.2,32
2017,501992,Nate Karns,4.17,1.19,45.1,8
2017,644428,Troy Scribner,4.18,1.14,23.2,4
2017,545333,Trevor Bauer,4.19,1.37,176.1,31
2017,608665,Kendall Graveman,4.19,1.39,105.1,19
2017,450172,Edinson Volquez,4.19,1.42,92.1,17
2017,593958,Eduardo Rodriguez,4.19,1.28,137.1,24
2017,430935,Cole Hamels,4.2,1.2,148.0,24
2017,502032,Bud Norris,4.21,1.34,62.0,3
2017,628317,Kenta Maeda,4.22,1.15,134.1,25
2017,605164,Dylan Bundy,4.24,1.2,169.2,28
2017,621121,Lance McCullers Jr.,4.25,1.3,118.2,22
2017,592717,Aaron Sanchez,4.25,1.72,36.0,8
2017,543037,Gerrit Cole,4.26,1.25,203.0,33
2017,573185,Dan Straily,4.26,1.3,181.2,33
2017,285079,R.A. Dickey,4.26,1.37,190.0,31
2017,594902,Ben Lively,4.26,1.29,88.2,15
2017,592811,Andrew Triggs,4.27,1.33,65.1,12
2017,517593,Danny Salazar,4.28,1.34,103.0,19
2017,506693,Henderson Alvarez,4.3,1.7,14.2,3
2017,596001,Jakob Junis,4.3,1.28,98.1,16
2017,594840,Matt Grace,4.32,1.36,50.0,1
2017,656794,Sean Newcomb,4.32,1.57,100.0,19
2017,598271,Brian Johnson,4.33,1.48,27.0,5
2017,452657,Jon Lester,4.33,1.32,180.2,32
2017,641771,Chad Kuhl,4.35,1.47,157.1,31
2017,547874,Hisashi Iwakuma,4.35,1.26,31.0,6
2017,543208,Sam Gaviglio,4.36,1.37,74.1,13
2017,433587,Félix Hernández,4.36,1.29,86.2,16
2017,622217,Chris O'Grady,4.36,1.55,33.0,6
2017,640455,Sean Manaea,4.37,1.4,158.2,29
2017,541640,Erasmo Ramírez,4.39,1.17,131.1,19
2017,608566,Germán Márquez,4.39,1.38,162.0,29
2017,501381,Michael Pineda,4.39,1.29,96.1,17
2017,448802,Jaime García,4.41,1.41,157.0,27
2017,502188,Jeff Samardzija,4.42,1.14,207.2,32
2017,592791,Jameson Taillon,4.44,1.48,133.2,25
2017,607219,Sal Romano,4.45,1.47,87.0,16
2017,527054,Julio Teheran,4.49,1.37,188.1,32
2017,542882,Matt Andriese,4.5,1.37,86.0,17
2017,606167,Adalberto Mejía,4.5,1.57,98.0,21
2017,533167,Matt Shoemaker,4.52,1.3,77.2,14
2017,456501,Johnny Cueto,4.52,1.45,147.1,25
2017,572140,Tyler Skaggs,4.55,1.39,85.0,16
2017,659275,Dinelson Lamet,4.57,1.24,114.1,21
2017,642229,Daniel Wright,4.58,1.47,19.2,2
2017,407793,John Lackey,4.59,1.28,170.2,30
2017,456068,Miguel González,4.62,1.42,156.0,27
2017,519144,Rick Porcello,4.65,1.4,203.1,33
2017,458690,Chris Volstad,4.66,1.09,19.1,2
2017,543699,Tanner Roark,4.67,1.33,181.1,30
2017,502212,Austin Bibens-Dirkx,4.67,1.36,69.1,6
2017,643230,Steven Brault,4.67,1.59,34.2,4
2017,607231,John Gant,4.67,1.56,17.1,2
2017,606131,Luis Perdomo,4.67,1.51,163.2,29
2017,592332,Kevin Gausman,4.68,1.49,186.2,34
2017,596112,Robert Stephenson,4.68,1.58,84.2,11
2017,622608,Antonio Senzatela,4.68,1.3,134.2,20
2017,623451,Jackson Stephens,4.68,1.12,25.0,4
2017,571787,David Holmberg,4.68,1.68,57.2,7
2017,502026,Jeremy Jeffress,4.68,1.64,65.1,1
2017,543022,Tyler Chatwood,4.69,1.44,147.2,25
2017,607625,Seth Lugo,4.71,1.37,101.1,18
2017,595191,Jerad Eickhoff,4.71,1.52,128.0,24
2017,625643,Reynaldo López,4.72,1.32,47.2,8
2017,547888,Masahiro Tanaka,4.74,1.24,178.1,30
2017,570666,Luis Cessa,4.75,1.47,36.0,5
2017,444857,Scott Feldman,4.77,1.36,111.1,21
2017,605397,Joe Musgrove,4.77,1.33,109.1,15
2017,621389,Ty Blach,4.78,1.36,163.2,24
2017,453385,Clayton Richard,4.79,1.52,197.1,32
2017,592314,Mike Foltynewicz,4.79,1.48,154.0,28
2017,542881,Tyler Anderson,4.81,1.33,86.0,15
2017,605540,Brandon Woodruff,4.81,1.33,43.0,8
2017,527048,Martín Pérez,4.82,1.54,185.0,32
2017,543054,Jarred Cosart,4.88,1.88,24.0,6
2017,450729,Doug Fister,4.88,1.38,90.1,15
2017,627894,Luiz Gohara,4.91,1.36,29.1,5
2017,445060,Ricky Nolasco,4.92,1.45,181.0,33
2017,502239,Trevor Cahill,4.93,1.62,84.0,14
2017,490063,Matt Garza,4.94,1.45,114.2,22
2017,643410,Mark Leiter Jr.,4.96,1.33,90.2,11
2017,458708,Josh Tomlin,4.98,1.28,141.0,26
2017,462136,Marco Estrada,4.98,1.38,186.0,33
2017,548357,Christian Bergman,5.0,1.41,54.0,8
2017,605452,Joe Ross,5.01,1.47,73.2,13
2017,518452,Chad Bettis,5.05,1.36,46.1,9
2017,592593,Justin Nicolino,5.06,1.79,48.0,8
2017,502043,Kyle Gibson,5.07,1.53,158.0,29
2017,545363,Jacob Turner,5.08,1.49,39.0,2
2017,642003,Cody Reed,5.09,1.7,17.2,1
2017,425794,Adam Wainwright,5.11,1.5,123.1,23
2017,448855,Junior Guerra,5.12,1.48,70.1,14
2017,664641,Aríel Miranda,5.12,1.27,160.0,29
2017,592826,Vince Velasquez,5.13,1.5,72.0,15
2017,596071,Dillon Peters,5.17,1.63,31.1,6
2017,519344,Nick Tepesch,5.17,1.98,15.2,4
2017,607229,Robert Gsellman,5.19,1.5,119.2,22
2017,429719,Edwin Jackson,5.21,1.51,76.0,13
2017,554430,Zack Wheeler,5.21,1.59,86.1,17
2017,571666,Mike Fiers,5.22,1.43,153.1,28
2017,448306,James Shields,5.23,1.44,117.0,21
2017,594742,Alec Asher,5.25,1.4,60.0,6
2017,571510,Matthew Boyd,5.27,1.56,135.0,25
2017,434628,Jason Hammel,5.29,1.43,180.1,32
2017,534910,Jesse Hahn,5.3,1.51,69.2,13
2017,596057,Daniel Norris,5.31,1.61,101.2,18
2017,643493,Austin Pruitt,5.31,1.51,83.0,8
2017,543652,Tyler Pill,5.32,1.45,22.0,3
2017,519008,T.J. McFarland,5.33,1.52,54.0,1
2017,621058,Andrew Moore,5.34,1.15,59.0,9
2017,607352,Joe Biagini,5.34,1.4,119.2,18
2017,445926,Jesse Chavez,5.35,1.4,138.0,21
2017,453178,Ian Kennedy,5.38,1.32,154.0,30
2017,628711,Julio Urías,5.4,1.59,23.1,5
2017,430912,Matt Cain,5.43,1.66,124.1,23
2017,476451,Jeremy Hellickson,5.43,1.26,164.0,30
2017,621381,Matt Strahm,5.45,1.5,34.2,3
2017,534947,Tim Adleman,5.52,1.43,122.1,20
2017,606160,Rafael Montero,5.52,1.75,119.0,18
2017,519043,Matt Moore,5.52,1.53,174.1,31
2017,608652,Luke Farrell,5.54,1.69,13.0,1
2017,605194,Jharel Cotton,5.58,1.44,129.0,24
2017,489119,Wade Miley,5.61,1.73,157.1,32
2017,608371,Lucas Sims,5.62,1.51,57.2,10
2017,545346,Zach Lee,5.63,2.0,8.0,1
2017,502327,Héctor Santiago,5.63,1.44,70.1,14
2017,607259,Nick Martinez,5.66,1.37,111.1,18
2017,434538,Francisco Liriano,5.66,1.63,97.0,18
2017,451596,Yovani Gallardo,5.72,1.52,130.2,22
2017,640463,Braden Shipley,5.76,1.84,25.0,3
2017,572403,Drew VerHagen,5.77,1.49,34.1,2
2017,571951,Bryan Mitchell,5.79,1.68,32.2,1
2017,642564,Francis Martes,5.8,1.51,54.1,4
2017,461833,Phil Hughes,5.87,1.58,53.2,9
2017,656546,Jeff Hoffman,5.89,1.47,99.1,16
2017,460059,Mike Pelfrey,5.93,1.58,120.0,21
2017,456167,A.J. Griffin,5.94,1.34,77.1,15
2017,607455,Anthony Banda,5.96,1.4,25.2,4
2017,502179,Paolo Espino,6.0,1.38,24.0,2
2017,601713,Nick Pivetta,6.02,1.51,133.0,26
2017,594835,Marco Gonzales,6.08,1.75,40.0,8
2017,571927,Steven Matz,6.08,1.53,66.2,13
2017,519455,Jordan Zimmermann,6.08,1.55,160.0,29
2017,592499,Artie Lewicki,6.1,2.23,10.1,1
2017,605254,Daniel Gossett,6.11,1.61,91.1,18
2017,543045,Adam Conley,6.14,1.52,102.2,20
2017,547007,Rob Whalen,6.14,1.23,7.1,1
2017,621107,Zach Eflin,6.16,1.41,64.1,11
2017,502706,Derek Holland,6.2,1.71,135.0,26
2017,502211,Mike Bolsinger,6.31,1.81,41.1,5
2017,656427,Jack Flaherty,6.33,1.55,21.1,5
2017,474463,Brett Anderson,6.34,1.7,55.1,13
2017,596271,Casey Lawrence,6.34,1.84,55.1,2
2017,608328,Chase De Jong,6.35,1.55,28.1,4
2017,434671,Aníbal Sánchez,6.41,1.59,105.1,17
2017,456701,Homer Bailey,6.43,1.69,91.0,18
2017,642083,Aaron Slegers,6.46,1.17,15.1,3
2017,112526,Bartolo Colon,6.48,1.59,143.0,28
2017,592879,Asher Wojciechowski,6.5,1.44,62.1,8
2017,600944,David Paulino,6.52,1.48,29.0,6
2017,502009,Mat Latos,6.6,1.8,15.0,3
2017,592614,Dillon Overton,6.65,1.48,23.0,2
2017,543408,Tom Koehler,6.69,1.62,72.2,13
2017,518774,Matt Harvey,6.7,1.69,92.2,18
2017,608650,Dietrich Enns,6.75,2.0,4.0,1
2017,571656,Buck Farmer,6.75,1.56,48.0,11
2017,635903,Chris Rowley,6.75,1.82,18.2,3
2017,434672,Chris Smith,6.79,1.47,55.2,9
2017,475243,Travis Wood,6.8,1.73,94.0,14
2017,434622,Ubaldo Jiménez,6.81,1.59,142.2,25
2017,474699,Vance Worley,6.91,1.8,71.2,12
2017,518445,Chad Bell,6.93,1.8,62.1,4
2017,592869,Tyler Wilson,7.04,1.7,15.1,1
2017,571760,Andrew Heaney,7.06,1.66,21.2,5
2017,593417,Raúl Alcántara,7.13,1.42,24.0,4
2017,622766,Miguel Díaz,7.34,1.66,41.2,3
2017,276520,Bronson Arroyo,7.35,1.59,71.0,14
2017,607237,Amir Garrett,7.39,1.61,70.2,14
2017,593969,Jayson Aquino,7.43,1.58,13.1,2
2017,450308,Jered Weaver,7.44,1.49,42.1,9
2017,627500,Jen-Ho Tseng,7.5,1.17,6.0,1
2017,432934,Chris Young,7.5,2.03,30.0,2
2017,491624,César Valdez,7.63,1.7,30.2,4
2017,543548,Tommy Milone,7.63,1.63,48.1,8
2017,607192,Tyler Glasnow,7.69,2.02,62.0,13
2017,592229,Dylan Covey,7.71,1.67,70.0,12
2017,475115,Tyson Ross,7.71,1.84,49.0,10
2017,592761,Caleb Smith,7.71,1.66,18.2,2
2017,543475,Jordan Lyles,7.75,1.69,69.2,5
2017,501957,Chris Tillman,7.84,1.89,93.0,19
2017,503449,Wily Peralta,7.85,1.83,57.1,8
2017,623167,Chris Flexen,7.88,2.02,48.0,9
2017,570810,Lisalverto Bonilla,8.1,1.75,36.2,4
2017,502046,Jeff Locke,8.16,1.78,32.0,7
2017,453214,Steven Wright,8.25,1.88,24.0,5
2017,518468,Michael Blazek,8.31,1.5,8.2,1
2017,605538,Matt Wisler,8.35,1.73,32.1,1
2017,606959,Rookie Davis,8.63,2.17,24.0,6
2017,500765,Dayan Díaz,9.0,1.62,13.0,1
2017,643414,Kyle Lloyd,9.0,2.0,4.0,1
2017,573244,Adam Wilk,9.0,2.36,14.0,2
2017,607200,Erick Fedde,9.39,2.15,15.1,3
2017,607215,Eric Skoglund,9.5,2.33,18.0,5
2017,602928,Felix Jorge,10.57,2.09,7.2,2
2017,543532,Tim Melville,11.12,2.29,5.2,1
2017,543867,Nik Turley,11.21,2.15,17.2,3
2017,594867,Myles Jaye,12.08,2.21,12.2,2
2017,453329,Clay Buchholz,12.27,2.59,7.1,2
2017,452718,Kyle Kendrick,12.96,2.52,8.1,2
2017,607162,Onelki Garcia,13.5,2.83,6.0,1
2017,594760,Aaron Blair,15.0,3.33,3.0,1
2017,518790,Chris Heston,16.5,3.33,6.0,1
2017,425386,Jeremy Guthrie,135.0,15.0,0.2,1
2018,621052,Alex Reyes,0.0,1.25,4.0,1
2018,592712,Connor Sadzeck,0.96,1.82,9.1,2
2018,594798,Jacob deGrom,1.7,0.91,217.0,32
2018,664641,Aríel Miranda,1.8,2.0,5.0,1
2018,605483,Blake Snell,1.89,0.97,180.2,31
2018,547943,Hyun Jin Ryu,1.97,1.01,82.1,15
2018,453329,Clay Buchholz,2.01,1.04,98.1,16
2018,606167,Adalberto Mejía,2.01,1.16,22.1,4
2018,621381,Matt Strahm,2.05,0.98,61.1,5
2018,519242,Chris Sale,2.11,0.86,158.0,27
2018,670036,Matt Festa,2.16,1.8,8.1,1
2018,664285,Framber Valdez,2.19,1.24,37.0,5
2018,545333,Trevor Bauer,2.21,1.09,175.1,27
2018,621249,Duane Underwood Jr.,2.25,1.25,4.0,1
2018,657624,Josh James,2.35,0.96,23.0,3
2018,605400,Aaron Nola,2.37,0.97,212.1,33
2018,434378,Justin Verlander,2.52,0.9,214.0,34
2018,453286,Max Scherzer,2.53,0.91,220.2,33
2018,489119,Wade Miley,2.57,1.21,80.2,16
2018,621111,Walker Buehler,2.62,0.96,137.1,23
2018,606273,Roenis Elías,2.65,1.22,51.0,4
2018,607625,Seth Lugo,2.66,1.08,101.1,5
2018,453214,Steven Wright,2.68,1.25,53.2,4
2018,594965,Daniel Ponce de Leon,2.73,1.12,33.0,4
2018,477132,Clayton Kershaw,2.73,1.04,161.1,26
2018,518566,Taylor Cole,2.75,0.89,36.0,2
2018,605446,Dereck Rodríguez,2.81,1.13,118.1,19
2018,571945,Miles Mikolas,2.83,1.07,200.2,32
2018,434671,Aníbal Sánchez,2.83,1.08,136.2,24
2018,607536,Kyle Freeland,2.85,1.25,202.1,33
2018,592314,Mike Foltynewicz,2.85,1.08,183.0,31
2018,543037,Gerrit Cole,2.88,1.03,200.1,32
2018,446372,Corey Kluber,2.89,0.99,215.0,33
2018,642152,Lou Trivino III,2.92,1.14,74.0,1
2018,608331,Max Fried,2.94,1.37,33.2,5
2018,592773,Ryne Stanek,2.98,1.09,66.1,29
2018,605182,Mike Clevinger,3.02,1.16,200.0,32
2018,605135,Chris Bassitt,3.02,1.24,47.2,7
2018,548389,Ross Stripling,3.02,1.19,122.0,21
2018,592789,Noah Syndergaard,3.03,1.21,154.1,25
2018,543391,Casey Kelly,3.04,1.39,23.2,3
2018,641745,Brad Keller,3.08,1.3,140.1,20
2018,593372,Carlos Martinez,3.11,1.35,118.2,18
2018,547179,Michael Lorenzen,3.11,1.38,81.0,3
2018,592866,Trevor Williams,3.11,1.18,170.2,31
2018,450203,Charlie Morton,3.13,1.16,167.0,30
2018,656547,Jonathan Holder,3.14,1.09,66.0,1
2018,571578,Patrick Corbin,3.15,1.05,200.0,33
2018,650895,Diego Castillo,3.18,0.95,56.2,11
2018,584171,Hector Velázquez,3.18,1.45,85.0,8
2018,543507,Trevor May,3.2,1.03,25.1,1
2018,608379,Michael Wacha,3.2,1.23,84.1,15
2018,592791,Jameson Taillon,3.2,1.18,191.0,32
2018,425844,Zack Greinke,3.21,1.08,207.2,33
2018,543359,Dan Jennings,3.22,1.38,64.1,1
2018,456501,Johnny Cueto,3.23,1.11,53.0,9
2018,518516,Madison Bumgarner,3.26,1.24,129.2,21
2018,554430,Zack Wheeler,3.31,1.12,182.1,29
2018,660271,Shohei Ohtani,3.31,1.16,51.2,10
2018,452657,Jon Lester,3.32,1.31,181.2,32
2018,429719,Edwin Jackson,3.33,1.22,92.0,17
2018,656427,Jack Flaherty,3.34,1.11,151.0,28
2018,471911,Carlos Carrasco,3.38,1.13,192.0,30
2018,605488,Jeffrey Springs,3.38,1.44,32.0,2
2018,622663,Luis Severino,3.39,1.14,191.1,32
2018,642545,Jaime Barria,3.41,1.27,129.1,26
2018,543294,Kyle Hendricks,3.44,1.15,199.0,33
2018,645261,Sandy Alcantara,3.44,1.41,34.0,6
2018,476451,Jeremy Hellickson,3.45,1.07,91.1,19
2018,502748,Brad Peacock,3.46,1.17,65.0,1
2018,592836,Taijuan Walker,3.46,1.54,13.0,3
2018,607231,John Gant,3.47,1.3,114.0,19
2018,657571,Caleb Ferguson,3.49,1.12,49.0,3
2018,468504,Jhoulys Chacín,3.5,1.16,192.2,35
2018,647336,Michael Soroka,3.51,1.44,25.2,5
2018,630023,Yonny Chirinos,3.51,1.22,89.2,7
2018,571666,Mike Fiers,3.56,1.18,172.0,30
2018,543278,Blaine Hardy,3.56,1.17,86.0,13
2018,608328,Chase De Jong,3.57,1.36,17.2,4
2018,502706,Derek Holland,3.57,1.29,171.1,30
2018,456034,David Price,3.58,1.14,176.0,30
2018,640455,Sean Manaea,3.59,1.08,160.2,27
2018,605540,Brandon Woodruff,3.61,1.18,42.1,4
2018,502043,Kyle Gibson,3.62,1.3,196.2,32
2018,656756,Jordan Montgomery,3.62,1.35,27.1,6
2018,282332,CC Sabathia,3.65,1.31,153.0,29
2018,457918,J.A. Happ,3.65,1.13,177.2,31
2018,572070,Garrett Richards,3.66,1.28,76.1,16
2018,448179,Rich Hill,3.66,1.12,132.2,24
2018,461325,Tyler Clippard,3.67,1.17,68.2,1
2018,458924,Jonny Venters,3.67,1.22,34.1,1
2018,622072,Alex Wood,3.68,1.21,151.2,27
2018,518397,Scott Alexander,3.68,1.27,66.0,1
2018,607455,Anthony Banda,3.68,1.02,14.2,1
2018,640464,Kohl Stewart,3.68,1.42,36.2,4
2018,453281,Wade LeBlanc,3.72,1.18,162.0,27
2018,621056,Hunter Wood,3.73,1.46,41.0,8
2018,572971,Dallas Keuchel,3.74,1.31,204.2,34
2018,544931,Stephen Strasburg,3.74,1.2,130.0,22
2018,547888,Masahiro Tanaka,3.75,1.13,156.0,27
2018,572020,James Paxton,3.76,1.1,160.1,28
2018,502239,Trevor Cahill,3.76,1.19,110.0,20
2018,608566,Germán Márquez,3.77,1.2,196.0,33
2018,430935,Cole Hamels,3.78,1.26,190.2,32
2018,628317,Kenta Maeda,3.81,1.26,125.1,20
2018,543135,Nathan Eovaldi,3.81,1.13,111.0,21
2018,593958,Eduardo Rodriguez,3.82,1.26,129.2,23
2018,462382,Jim Johnson,3.84,1.36,63.1,1
2018,621244,José Berríos,3.84,1.14,192.1,32
2018,621121,Lance McCullers Jr.,3.86,1.17,128.1,22
2018,621366,Ryan Borucki,3.87,1.32,97.2,17
2018,593423,Frankie Montas,3.88,1.46,65.0,11
2018,656794,Sean Newcomb,3.9,1.33,164.0,30
2018,642232,Ryan Yarbrough,3.91,1.29,147.1,6
2018,625643,Reynaldo López,3.91,1.27,188.2,32
2018,592332,Kevin Gausman,3.92,1.3,183.2,31
2018,592662,Robbie Ray,3.93,1.35,123.2,24
2018,502624,Chase Anderson,3.93,1.19,158.0,30
2018,527054,Julio Teheran,3.94,1.17,175.2,31
2018,453562,Jake Arrieta,3.96,1.29,172.2,31
2018,612434,Miguel Castro,3.96,1.45,86.1,1
2018,571927,Steven Matz,3.97,1.25,154.0,30
2018,642003,Cody Reed,3.98,1.4,43.0,7
2018,570632,José Ureña,3.98,1.18,174.0,31
2018,543557,Mike Montgomery,3.99,1.37,124.0,19
2018,543883,Nick Vincent,3.99,1.15,56.1,1
2018,594835,Marco Gonzales,4.0,1.22,166.2,29
2018,621219,Alec Mills,4.0,1.0,18.0,2
2018,572140,Tyler Skaggs,4.02,1.33,125.1,24
2018,500779,Jose Quintana,4.03,1.32,174.1,32
2018,657053,Touki Toussaint,4.03,1.34,29.0,5
2018,596043,Daniel Mengden,4.05,1.12,115.2,17
2018,605397,Joe Musgrove,4.06,1.18,115.1,19
2018,664192,Joey Lucchesi,4.08,1.29,130.0,26
2018,448855,Junior Guerra,4.09,1.4,141.0,26
2018,543475,Jordan Lyles,4.11,1.27,87.2,8
2018,543339,Daniel Hudson,4.11,1.22,46.0,1
2018,573185,Dan Straily,4.12,1.3,122.1,23
2018,521230,Liam Hendriks,4.13,1.46,24.0,8
2018,641154,Pablo López,4.14,1.26,58.2,10
2018,489265,Sergio Romo,4.14,1.26,67.1,5
2018,475115,Tyson Ross,4.15,1.3,149.2,23
2018,571760,Andrew Heaney,4.15,1.2,180.0,30
2018,571656,Buck Farmer,4.15,1.56,69.1,1
2018,571863,Matt Koch,4.15,1.27,86.2,14
2018,598271,Brian Johnson,4.17,1.43,99.1,13
2018,570240,Félix Peña,4.18,1.24,92.2,17
2018,607074,Carlos Rodón,4.18,1.26,120.2,20
2018,606965,Chris Devenski,4.18,1.16,47.1,1
2018,501985,Mike Minor,4.18,1.12,157.0,28
2018,623381,Thomas Pannone,4.19,1.21,43.0,6
2018,592761,Caleb Smith,4.19,1.24,77.1,16
2018,467100,Iván Nova,4.19,1.28,161.0,29
2018,461829,Gio Gonzalez,4.21,1.44,171.0,32
2018,572362,Robbie Erlin,4.21,1.14,109.0,12
2018,621389,Ty Blach,4.25,1.47,118.2,13
2018,642547,Freddy Peralta,4.25,1.14,78.1,14
2018,641571,Heath Fillmyer,4.26,1.34,82.1,13
2018,607192,Tyler Glasnow,4.27,1.27,111.2,11
2018,605538,Matt Wisler,4.28,1.2,40.0,3
2018,519144,Rick Porcello,4.28,1.18,191.1,33
2018,622491,Luis Castillo,4.3,1.22,169.2,31
2018,592716,Adrian Sampson,4.3,1.22,23.0,4
2018,502042,Chris Archer,4.31,1.38,148.1,27
2018,623434,Mike Hauschild,4.32,1.32,8.1,1
2018,641778,Eric Lauer,4.34,1.54,112.0,23
2018,543699,Tanner Roark,4.34,1.28,180.1,30
2018,621107,Zach Eflin,4.36,1.3,128.0,24
2018,502190,Mike Leake,4.36,1.3,185.2,31
2018,596001,Jakob Junis,4.37,1.27,177.0,30
2018,605240,Jace Fry,4.38,1.11,51.1,1
2018,622608,Antonio Senzatela,4.38,1.37,90.1,13
2018,571510,Matthew Boyd,4.39,1.16,170.1,31
2018,502327,Héctor Santiago,4.41,1.58,102.0,7
2018,670950,Trevor Richards,4.42,1.39,126.1,25
2018,596295,Austin Gomber,4.44,1.51,75.0,11
2018,608718,Brent Suter,4.44,1.19,101.1,18
2018,642098,Glenn Sparkman,4.46,1.62,38.1,3
2018,425794,Adam Wainwright,4.46,1.46,40.1,8
2018,592222,Alex Claudio,4.48,1.52,68.1,1
2018,474463,Brett Anderson,4.48,1.28,80.1,17
2018,605498,Andrew Suárez,4.49,1.3,160.1,29
2018,543606,Jake Odorizzi,4.49,1.34,164.1,32
2018,450729,Doug Fister,4.5,1.39,66.0,12
2018,519455,Jordan Zimmermann,4.52,1.26,131.1,25
2018,448306,James Shields,4.53,1.31,204.2,33
2018,598287,Noé Ramirez,4.54,1.26,83.1,1
2018,542881,Tyler Anderson,4.55,1.27,176.0,32
2018,669456,Shane Bieber,4.55,1.33,114.2,19
2018,641771,Chad Kuhl,4.55,1.44,85.0,16
2018,434538,Francisco Liriano,4.58,1.5,133.2,26
2018,643230,Steven Brault,4.61,1.54,91.2,5
2018,572403,Drew VerHagen,4.63,1.15,56.1,1
2018,453178,Ian Kennedy,4.66,1.38,119.2,22
2018,622864,Fernando Romero,4.69,1.42,55.2,11
2018,605242,Michael Fulmer,4.69,1.31,132.1,24
2018,622382,Gabriel Moya,4.71,1.32,36.1,6
2018,660853,Enyel De Los Santos,4.74,1.42,19.0,2
2018,607374,Nick Tropeano,4.74,1.3,76.0,14
2018,643327,Zack Godley,4.74,1.45,178.1,32
2018,458681,Lance Lynn,4.77,1.53,156.2,29
2018,605200,Zach Davies,4.77,1.33,66.0,13
2018,601713,Nick Pivetta,4.77,1.3,164.0,32
2018,612672,Wei-Yin Chen,4.79,1.34,133.1,26
2018,592826,Vince Velasquez,4.85,1.34,146.2,30
2018,460283,Jerry Blevins,4.85,1.36,42.2,1
2018,518633,Danny Duffy,4.88,1.49,155.0,28
2018,605276,David Hess,4.88,1.38,103.1,19
2018,592717,Aaron Sanchez,4.89,1.56,105.0,20
2018,592499,Artie Lewicki,4.89,1.6,38.2,3
2018,543243,Sonny Gray,4.9,1.5,130.1,23
2018,502171,Alex Cobb,4.9,1.41,152.1,28
2018,606424,Jarlín García,4.91,1.32,66.0,7
2018,644428,Troy Scribner,4.91,2.73,3.2,1
2018,435221,Brandon McCarthy,4.92,1.46,78.2,15
2018,543101,Anthony DeSclafani,4.93,1.29,115.0,21
2018,518774,Matt Harvey,4.94,1.3,155.0,28
2018,533167,Matt Shoemaker,4.94,1.26,31.0,7
2018,506433,Yu Darvish,4.95,1.43,40.0,8
2018,596133,Luke Weaver,4.95,1.5,136.1,25
2018,623454,Drew Anderson,4.97,1.5,12.2,1
2018,641816,Tyler Mahle,4.98,1.59,112.0,23
2018,518452,Chad Bettis,5.01,1.4,120.1,20
2018,656629,Michael Kopech,5.02,1.53,14.1,4
2018,605347,Jorge López,5.03,1.47,53.2,7
2018,605452,Joe Ross,5.06,1.31,16.0,3
2018,608717,Chris Stratton,5.09,1.43,145.0,26
2018,642528,Jonathan Loáisiga,5.11,1.54,24.2,4
2018,592351,Jon Gray,5.12,1.35,172.1,31
2018,656887,Sean Reid-Foley,5.13,1.56,33.1,7
2018,607215,Eric Skoglund,5.14,1.21,70.0,13
2018,608652,Luke Farrell,5.17,1.47,31.1,2
2018,592229,Dylan Covey,5.18,1.49,121.2,21
2018,605254,Daniel Gossett,5.18,1.36,24.1,5
2018,622694,Elieser Hernández,5.21,1.45,65.2,6
2018,592468,Nick Kingham,5.21,1.38,76.0,15
2018,592811,Andrew Triggs,5.23,1.33,41.1,9
2018,570666,Luis Cessa,5.24,1.43,44.2,5
2018,543193,Drew Gagnon,5.25,1.67,12.0,1
2018,542882,Matt Andriese,5.26,1.39,78.2,5
2018,446099,John Axford,5.27,1.35,54.2,1
2018,642083,Aaron Slegers,5.27,1.39,13.2,2
2018,592644,Adam Plutko,5.28,1.32,76.2,12
2018,488768,Andrew Cashner,5.29,1.58,153.0,28
2018,543022,Tyler Chatwood,5.3,1.8,103.2,20
2018,543208,Sam Gaviglio,5.31,1.44,123.2,24
2018,607219,Sal Romano,5.31,1.43,145.2,25
2018,453385,Clayton Richard,5.33,1.38,158.2,27
2018,607188,Jake Faria,5.4,1.43,65.0,12
2018,624133,Ranger Suarez,5.4,1.8,15.0,3
2018,642231,Jimmy Yacabonis,5.4,1.45,40.0,7
2018,571951,Bryan Mitchell,5.42,1.75,73.0,11
2018,605164,Dylan Bundy,5.45,1.41,171.2,31
2018,656222,Jalen Beeks,5.51,1.5,50.2,1
2018,622795,Yohander Méndez,5.53,1.55,27.2,5
2018,573186,Marcus Stroman,5.54,1.48,102.1,19
2018,607200,Erick Fedde,5.54,1.53,50.1,11
2018,605541,Mike Wright Jr.,5.55,1.62,84.1,2
2018,433587,Félix Hernández,5.55,1.4,155.2,28
2018,593334,Domingo Germán,5.57,1.33,85.2,14
2018,594902,Ben Lively,5.64,1.85,30.1,5
2018,621289,Jaime Schultz,5.64,1.15,30.1,1
2018,462136,Marco Estrada,5.64,1.43,143.2,28
2018,596057,Daniel Norris,5.68,1.47,44.1,8
2018,622446,Jefry Rodriguez,5.71,1.54,52.0,8
2018,642571,Merandy Gonzalez,5.73,1.77,22.0,1
2018,450306,Jason Vargas,5.77,1.41,92.0,20
2018,112526,Bartolo Colon,5.78,1.35,146.1,24
2018,548357,Christian Bergman,5.79,1.07,14.0,2
2018,543548,Tommy Milone,5.81,1.44,26.1,4
2018,448802,Jaime García,5.82,1.54,82.0,14
2018,621261,Corey Oswalt,5.85,1.38,64.2,12
2018,641851,Kyle McGowin,5.87,1.43,7.2,1
2018,606162,Yefry Ramírez,5.92,1.53,65.1,12
2018,642558,Ariel Jurado,5.93,1.54,54.2,8
2018,521655,Wilmer Font,5.93,1.41,44.0,5
2018,627894,Luiz Gohara,5.95,1.22,19.2,1
2018,607352,Joe Biagini,6.0,1.67,72.0,4
2018,434628,Jason Hammel,6.02,1.63,127.0,18
2018,656257,Jeff Brigham,6.06,1.78,16.1,4
2018,605513,Spencer Turnbull,6.06,1.29,16.1,3
2018,519141,Drew Pomeranz,6.08,1.77,74.0,11
2018,456701,Homer Bailey,6.09,1.64,106.1,20
2018,592779,Brock Stewart,6.11,1.81,17.2,2
2018,608337,Lucas Giolito,6.13,1.48,173.1,32
2018,458708,Josh Tomlin,6.14,1.48,70.1,9
2018,595918,A.J. Cole,6.14,1.59,48.1,2
2018,592547,Deck McGuire,6.16,1.68,38.0,4
2018,641793,Zack Littell,6.2,1.77,20.1,2
2018,502212,Austin Bibens-Dirkx,6.2,1.56,45.0,6
2018,527048,Martín Pérez,6.22,1.78,85.1,15
2018,502188,Jeff Samardzija,6.25,1.63,44.2,10
2018,458690,Chris Volstad,6.27,1.63,47.1,1
2018,572998,Josh Lucas,6.28,1.74,14.1,1
2018,461833,Phil Hughes,6.34,1.65,32.2,2
2018,451596,Yovani Gallardo,6.39,1.63,94.1,18
2018,664682,Ryan Meisinger,6.43,1.33,21.0,1
2018,669060,Bryse Wilson,6.43,2.0,7.0,1
2018,541640,Erasmo Ramírez,6.5,1.4,45.2,10
2018,624427,Stephen Gonsalves,6.57,2.03,24.2,4
2018,608723,Austin Voth,6.57,1.46,12.1,2
2018,628333,Odrisamer Despaigne,6.69,1.82,39.0,5
2018,595191,Jerad Eickhoff,6.75,1.88,5.1,1
2018,571800,Drew Hutchison,6.75,1.78,42.2,5
2018,664028,Brett Kennedy,6.75,1.8,26.2,6
2018,519043,Matt Moore,6.79,1.66,102.0,12
2018,605280,Clay Holmes,6.84,2.01,26.1,4
2018,572143,Burch Smith,6.92,1.67,78.0,6
2018,656798,Jacob Nix,7.02,1.54,42.1,9
2018,664856,Chance Adams,7.04,1.57,7.2,1
2018,606131,Luis Perdomo,7.05,1.88,44.2,10
2018,621112,Paul Blackburn,7.16,1.41,27.2,6
2018,596071,Dillon Peters,7.16,1.77,27.2,5
2018,608648,Tyler Duffey,7.2,1.2,25.0,1
2018,543424,John Lamb,7.2,1.9,10.0,3
2018,608601,Luis Santos,7.2,1.8,20.0,1
2018,656805,Trevor Oaks,7.24,1.98,13.2,2
2018,543001,Ryan Carpenter,7.25,1.7,22.1,5
2018,605232,Brandon Finnegan,7.4,2.03,20.2,5
2018,571035,William Cuevas,7.41,1.82,17.0,1
2018,608665,Kendall Graveman,7.6,1.66,34.1,7
2018,552640,Andrew Kittredge,7.75,1.85,38.1,3
2018,429722,Ervin Santana,8.03,1.62,24.2,5
2018,608334,Carson Fulmer,8.07,1.89,32.1,8
2018,595881,Tyler Beede,8.22,2.22,7.2,2
2018,664869,P.J. Conlon,8.22,2.22,7.2,2
2018,642028,Josh Rogers,8.49,1.89,11.2,3
2018,596112,Robert Stephenson,9.26,2.49,11.2,3
2018,656546,Jeff Hoffman,9.35,2.54,8.2,1
2018,500724,JC Ramírez,9.45,2.1,6.2,2
2018,621141,Walker Lockett,9.6,2.13,15.0,3
2018,658792,Aaron Wilkerson,10.0,1.67,9.0,1
2018,501957,Chris Tillman,10.46,2.21,26.2,7
2018,571946,Shelby Miller,10.69,2.0,16.0,4
2018,663465,Kolby Allard,12.38,2.88,8.0,1
2018,456068,Miguel González,12.41,2.43,12.1,3
2018,623167,Chris Flexen,12.79,3.16,6.1,1
2018,623465,Evan Phillips,13.11,1.97,11.2,1
2018,627500,Jen-Ho Tseng,13.5,2.0,2.0,1
2018,656814,Luis Ortiz,15.43,4.29,2.1,1
2018,450665,Kris Medlen,15.75,3.25,4.0,1
2018,592170,Parker Bridwell,17.55,2.4,6.2,1
2018,545363,Jacob Turner,20.25,3.75,6.2,1
2019,501992,Nate Karns,0.0,1.88,5.1,2
2019,519043,Matt Moore,0.0,0.4,10.0,2
2019,592836,Taijuan Walker,0.0,1.0,1.0,1
2019,640455,Sean Manaea,1.21,0.78,29.2,5
2019,622663,Luis Severino,1.5,1.0,12.0,3
2019,533167,Matt Shoemaker,1.57,0.87,28.2,5
2019,677976,Randy Dobnak,1.59,1.13,28.1,5
2019,658648,Pedro Avila,1.69,1.13,5.1,1
2019,607192,Tyler Glasnow,1.78,0.89,60.2,12
2019,521230,Liam Hendriks,1.8,0.96,85.0,2
2019,594987,Casey Sadler,2.14,1.17,46.1,1
2019,661403,Emmanuel Clase,2.31,1.11,23.1,1
2019,547943,Hyun Jin Ryu,2.32,1.01,182.2,29
2019,650644,Aaron Civale,2.34,1.04,57.2,10
2019,592815,Sam Tuivailala,2.35,1.04,23.0,2
2019,594798,Jacob deGrom,2.43,0.97,204.0,32
2019,448179,Rich Hill,2.45,1.13,58.2,13
2019,543339,Daniel Hudson,2.47,1.14,73.0,1
2019,570663,Hansel Robles,2.48,1.02,72.2,1
2019,628711,Julio Urías,2.49,1.08,79.2,8
2019,543037,Gerrit Cole,2.5,0.89,212.1,33
2019,434378,Justin Verlander,2.58,0.8,223.0,34
2019,593423,Frankie Montas,2.63,1.11,96.0,16
2019,647336,Michael Soroka,2.68,1.11,174.2,29
2019,643290,Justin Dunn,2.7,1.65,6.2,4
2019,608652,Luke Farrell,2.7,0.68,13.1,1
2019,605182,Mike Clevinger,2.71,1.06,126.0,21
2019,642578,José Rodríguez,2.75,1.42,19.2,1
2019,621219,Alec Mills,2.75,1.17,36.0,4
2019,656427,Jack Flaherty,2.75,0.97,196.1,33
2019,668678,Zac Gallen,2.81,1.23,80.0,15
2019,543243,Sonny Gray,2.87,1.08,175.1,31
2019,461325,Tyler Clippard,2.9,0.85,62.0,3
2019,453286,Max Scherzer,2.92,1.03,172.1,27
2019,664062,Tony Gonsolin,2.93,1.03,40.0,6
2019,425844,Zack Greinke,2.93,0.98,208.2,33
2019,596133,Luke Weaver,2.94,1.07,64.1,12
2019,621056,Hunter Wood,2.98,1.28,45.1,2
2019,477132,Clayton Kershaw,3.03,1.04,178.1,28
2019,673258,Michel Baez,3.03,1.31,29.2,1
2019,657031,Josh Taylor,3.04,1.18,47.1,1
2019,450203,Charlie Morton,3.05,1.08,194.2,33
2019,656794,Sean Newcomb,3.16,1.32,68.1,4
2019,573186,Marcus Stroman,3.22,1.31,184.1,32
2019,592135,Cam Bedrosian,3.23,1.14,61.1,7
2019,664054,Cody Stashak,3.24,1.2,25.0,1
2019,571578,Patrick Corbin,3.25,1.18,202.0,33
2019,621111,Walker Buehler,3.26,1.04,182.1,30
2019,669456,Shane Bieber,3.28,1.05,214.1,33
2019,608723,Austin Voth,3.3,1.05,43.2,8
2019,544931,Stephen Strasburg,3.32,1.04,209.0,33
2019,663978,Chris Paddack,3.33,0.98,140.2,26
2019,641712,Dakota Hudson,3.35,1.41,174.2,32
2019,501625,Jose Alvarez,3.36,1.42,59.0,1
2019,622491,Luis Castillo,3.4,1.14,190.2,32
2019,650895,Diego Castillo,3.41,1.24,68.2,6
2019,475479,David Phelps,3.41,1.4,34.1,1
2019,608337,Lucas Giolito,3.41,1.06,176.2,29
2019,543294,Kyle Hendricks,3.46,1.13,177.0,30
2019,548389,Ross Stripling,3.47,1.15,90.2,15
2019,461829,Gio Gonzalez,3.5,1.29,87.1,17
2019,543606,Jake Odorizzi,3.51,1.21,159.0,30
2019,605151,Archie Bradley,3.52,1.44,71.2,1
2019,502188,Jeff Samardzija,3.52,1.11,181.1,32
2019,605200,Zach Davies,3.55,1.29,159.2,31
2019,622065,Alex Young,3.56,1.19,83.1,15
2019,501985,Mike Minor,3.59,1.24,208.1,32
2019,607644,John Means,3.6,1.14,155.0,27
2019,605540,Brandon Woodruff,3.62,1.14,121.2,22
2019,669160,Dustin May,3.63,1.1,34.2,4
2019,458681,Lance Lynn,3.67,1.22,208.1,33
2019,621244,José Berríos,3.68,1.22,200.1,32
2019,594965,Daniel Ponce de Leon,3.7,1.27,48.2,8
2019,444468,Héctor Rondón,3.71,1.25,60.2,1
2019,605288,Adrian Houser,3.72,1.24,111.1,18
2019,571656,Buck Farmer,3.72,1.27,67.2,1
2019,458708,Josh Tomlin,3.74,1.12,79.1,1
2019,572971,Dallas Keuchel,3.75,1.37,112.2,19
2019,543022,Tyler Chatwood,3.76,1.33,76.2,5
2019,593958,Eduardo Rodriguez,3.81,1.33,203.1,34
2019,430935,Cole Hamels,3.81,1.39,141.2,27
2019,605135,Chris Bassitt,3.81,1.19,144.0,25
2019,668676,Zach Plesac,3.81,1.23,115.2,21
2019,527054,Julio Teheran,3.81,1.32,174.2,33
2019,572020,James Paxton,3.82,1.28,150.2,29
2019,592351,Jon Gray,3.84,1.35,150.0,25
2019,630023,Yonny Chirinos,3.85,1.05,133.1,18
2019,434671,Aníbal Sánchez,3.85,1.27,166.0,30
2019,664042,Travis Lakins,3.86,1.41,23.1,3
2019,656970,Devin Smeltzer,3.86,1.27,49.0,6
2019,605400,Aaron Nola,3.87,1.27,202.1,34
2019,645261,Sandy Alcantara,3.88,1.32,197.1,32
2019,474463,Brett Anderson,3.89,1.31,176.0,31
2019,543101,Anthony DeSclafani,3.89,1.2,166.2,31
2019,571666,Mike Fiers,3.9,1.19,184.2,33
2019,518516,Madison Bumgarner,3.9,1.13,207.2,34
2019,613534,Austin Adams,3.94,1.13,32.0,2
2019,664353,José Urquidy,3.95,1.1,41.0,7
2019,554430,Zack Wheeler,3.96,1.26,195.1,31
2019,592773,Ryne Stanek,3.97,1.3,77.0,27
2019,506433,Yu Darvish,3.98,1.1,178.2,31
2019,489119,Wade Miley,3.98,1.34,167.1,33
2019,594835,Marco Gonzales,3.99,1.31,203.0,34
2019,598287,Noé Ramirez,3.99,1.17,67.2,7
2019,593140,Michael Feliz,3.99,1.26,56.1,1
2019,660494,Rogelio Armenteros,4.0,1.22,18.0,2
2019,606131,Luis Perdomo,4.0,1.21,72.0,1
2019,501381,Michael Pineda,4.01,1.16,146.0,26
2019,608331,Max Fried,4.02,1.33,165.2,30
2019,593334,Domingo Germán,4.03,1.15,143.0,24
2019,628317,Kenta Maeda,4.04,1.07,153.2,26
2019,542953,Buddy Boshers,4.05,1.5,20.0,1
2019,670950,Trevor Richards,4.06,1.35,135.1,23
2019,518715,Cory Gearrin,4.07,1.45,55.1,2
2019,659275,Dinelson Lamet,4.07,1.26,73.0,14
2019,592791,Jameson Taillon,4.1,1.13,37.1,7
2019,502748,Brad Peacock,4.12,1.19,91.2,15
2019,642232,Ryan Yarbrough,4.13,1.0,141.2,14
2019,621107,Zach Eflin,4.13,1.35,163.1,28
2019,543475,Jordan Lyles,4.15,1.32,141.0,28
2019,571945,Miles Mikolas,4.16,1.22,184.0,32
2019,552640,Andrew Kittredge,4.17,1.27,49.2,7
2019,643338,Chad Green,4.17,1.23,69.0,15
2019,664192,Joey Lucchesi,4.18,1.22,163.2,30
2019,641745,Brad Keller,4.19,1.35,165.1,28
2019,425794,Adam Wainwright,4.19,1.43,171.2,31
2019,502624,Chase Anderson,4.21,1.27,139.0,27
2019,571927,Steven Matz,4.21,1.34,160.1,30
2019,656887,Sean Reid-Foley,4.26,1.71,31.2,6
2019,456034,David Price,4.28,1.31,107.1,22
2019,592789,Noah Syndergaard,4.28,1.23,197.2,32
2019,605483,Blake Snell,4.29,1.27,107.0,23
2019,572140,Tyler Skaggs,4.29,1.27,79.2,15
2019,502190,Mike Leake,4.29,1.29,197.0,32
2019,465657,Joakim Soria,4.3,1.03,69.0,1
2019,656222,Jalen Beeks,4.31,1.49,104.1,3
2019,642546,Jonathan Hernández,4.32,1.62,16.2,2
2019,600917,José Leclerc,4.33,1.33,68.2,3
2019,592662,Robbie Ray,4.34,1.34,174.1,33
2019,518633,Danny Duffy,4.34,1.31,130.2,23
2019,472610,Luis García,4.35,1.52,62.0,2
2019,543699,Tanner Roark,4.35,1.4,165.1,31
2019,621097,Jacob Waguespack,4.38,1.33,78.0,13
2019,519242,Chris Sale,4.4,1.09,147.1,25
2019,643493,Austin Pruitt,4.4,1.26,47.0,2
2019,641541,Jon Duplantier,4.42,1.55,36.2,3
2019,518876,Merrill Kelly,4.42,1.31,183.1,32
2019,543883,Nick Vincent,4.43,1.32,44.2,1
2019,605397,Joe Musgrove,4.44,1.22,170.1,31
2019,641778,Eric Lauer,4.45,1.4,149.2,29
2019,650382,Darwinzon Hernández,4.45,1.75,30.1,1
2019,547888,Masahiro Tanaka,4.45,1.24,182.0,31
2019,452657,Jon Lester,4.46,1.5,171.2,31
2019,657141,Jordan Yamamoto,4.46,1.14,78.2,15
2019,545333,Trevor Bauer,4.48,1.25,213.0,34
2019,521655,Wilmer Font,4.48,1.27,84.1,17
2019,596057,Daniel Norris,4.49,1.33,144.1,29
2019,607200,Erick Fedde,4.5,1.46,78.0,12
2019,517593,Danny Salazar,4.5,1.75,4.0,1
2019,450306,Jason Vargas,4.51,1.36,149.2,29
2019,592761,Caleb Smith,4.52,1.23,153.1,28
2019,592314,Mike Foltynewicz,4.54,1.25,117.0,21
2019,642528,Jonathan Loáisiga,4.55,1.48,31.2,4
2019,453284,Blake Parker,4.55,1.22,61.1,2
2019,571510,Matthew Boyd,4.56,1.23,185.1,32
2019,456701,Homer Bailey,4.57,1.32,163.1,31
2019,621114,Ryan Burr,4.58,1.27,19.2,1
2019,570240,Félix Peña,4.58,1.18,96.1,7
2019,656288,Griffin Canning,4.58,1.22,90.1,17
2019,608371,Lucas Sims,4.6,1.16,43.0,4
2019,605513,Spencer Turnbull,4.61,1.44,148.1,30
2019,622446,Jefry Rodriguez,4.63,1.48,46.2,8
2019,453562,Jake Arrieta,4.64,1.47,135.2,24
2019,571539,Matt Carasiti,4.66,1.66,9.2,5
2019,488768,Andrew Cashner,4.68,1.35,150.0,23
2019,500779,Jose Quintana,4.68,1.39,171.0,31
2019,657624,Josh James,4.7,1.32,61.1,1
2019,543521,Collin McHugh,4.7,1.23,74.2,8
2019,621381,Matt Strahm,4.71,1.25,114.2,16
2019,467100,Iván Nova,4.72,1.45,187.0,34
2019,543548,Tommy Milone,4.76,1.12,111.2,6
2019,608566,Germán Márquez,4.76,1.2,174.0,28
2019,608379,Michael Wacha,4.76,1.56,126.2,24
2019,656685,Brett Martin,4.76,1.44,62.1,2
2019,643615,T.J. Zeuch,4.76,1.46,22.2,3
2019,572703,Luke Bard,4.78,1.1,49.0,3
2019,605164,Dylan Bundy,4.79,1.35,161.2,30
2019,621237,José Alvarado,4.8,1.87,30.0,1
2019,606965,Chris Devenski,4.83,1.3,69.0,1
2019,596043,Daniel Mengden,4.83,1.44,59.2,9
2019,657571,Caleb Ferguson,4.84,1.48,44.2,2
2019,502043,Kyle Gibson,4.84,1.44,160.0,29
2019,663423,Trent Thornton,4.84,1.41,154.1,29
2019,445926,Jesse Chavez,4.85,1.33,78.0,9
2019,519141,Drew Pomeranz,4.85,1.43,104.0,18
2019,592644,Adam Plutko,4.86,1.29,109.1,20
2019,543532,Tim Melville,4.86,1.44,33.1,7
2019,641302,Tyler Alexander,4.86,1.4,53.2,8
2019,650893,Génesis Cabrera,4.87,1.67,20.1,2
2019,571882,Derek Law,4.9,1.66,60.2,4
2019,642607,Dario Agrazal,4.91,1.36,73.1,14
2019,457918,J.A. Happ,4.91,1.3,161.1,30
2019,571760,Andrew Heaney,4.91,1.29,95.1,18
2019,592826,Vince Velasquez,4.91,1.39,117.1,23
2019,592879,Asher Wojciechowski,4.92,1.31,82.1,16
2019,543557,Mike Montgomery,4.95,1.62,91.0,13
2019,282332,CC Sabathia,4.95,1.41,107.1,22
2019,663465,Kolby Allard,4.96,1.57,45.1,9
2019,572193,Ryan Tepera,4.98,1.29,21.2,1
2019,622694,Elieser Hernández,5.03,1.24,82.1,15
2019,663776,Patrick Sandoval,5.03,1.37,39.1,9
2019,456501,Johnny Cueto,5.06,1.25,16.0,4
2019,595881,Tyler Beede,5.08,1.48,117.0,22
2019,543901,Ryan Weber,5.09,1.38,40.2,3
2019,641154,Pablo López,5.09,1.24,111.1,21
2019,527048,Martín Pérez,5.12,1.52,165.1,29
2019,641816,Tyler Mahle,5.14,1.31,129.2,25
2019,656713,Brendan McKay,5.14,1.41,49.0,11
2019,615698,Cal Quantrill,5.16,1.3,103.0,18
2019,643230,Steven Brault,5.16,1.5,113.1,19
2019,502042,Chris Archer,5.19,1.41,119.2,23
2019,607074,Carlos Rodón,5.19,1.44,34.2,7
2019,570632,José Ureña,5.21,1.48,84.2,13
2019,543169,Brian Flynn,5.22,1.88,29.1,1
2019,657277,Logan Webb,5.22,1.46,39.2,8
2019,596001,Jakob Junis,5.24,1.43,175.1,31
2019,592346,Chi Chi González,5.29,1.46,63.0,12
2019,471911,Carlos Carrasco,5.29,1.35,80.0,12
2019,669214,Conner Menez,5.29,1.47,17.0,3
2019,642547,Freddy Peralta,5.29,1.46,85.0,8
2019,664199,Taylor Clarke,5.31,1.37,84.2,15
2019,542947,Richard Bleier,5.37,1.32,55.1,1
2019,572362,Robbie Erlin,5.37,1.57,55.1,1
2019,596071,Dillon Peters,5.38,1.54,72.0,12
2019,592866,Trevor Williams,5.38,1.41,145.2,26
2019,625643,Reynaldo López,5.38,1.46,184.0,33
2019,601713,Nick Pivetta,5.38,1.52,93.2,13
2019,519166,Neil Ramírez,5.4,1.64,25.0,1
2019,584171,Hector Velázquez,5.43,1.53,56.1,8
2019,641312,Shaun Anderson,5.44,1.55,96.0,16
2019,579328,Yusei Kikuchi,5.46,1.52,161.2,32
2019,605452,Joe Ross,5.48,1.67,64.0,9
2019,656954,Justus Sheffield,5.5,1.72,36.0,7
2019,519144,Rick Porcello,5.52,1.39,174.1,32
2019,608717,Chris Stratton,5.57,1.66,76.0,5
2019,656686,Corbin Martin,5.59,1.81,19.1,5
2019,605538,Matt Wisler,5.61,1.4,51.1,8
2019,593679,Gabriel Ynoa,5.61,1.37,110.2,13
2019,657053,Touki Toussaint,5.62,1.68,41.2,1
2019,614179,José Ruiz,5.63,2.0,40.0,1
2019,605446,Dereck Rodríguez,5.64,1.45,99.0,16
2019,605156,Aaron Brooks,5.65,1.38,110.0,18
2019,622259,Trey Wingenter,5.65,1.22,51.0,1
2019,641482,Nestor Cortes,5.67,1.55,66.2,1
2019,595191,Jerad Eickhoff,5.71,1.3,58.1,10
2019,453281,Wade LeBlanc,5.71,1.45,121.1,8
2019,592332,Kevin Gausman,5.72,1.42,102.1,17
2019,622797,Pedro Payano,5.73,1.86,22.0,4
2019,657024,Erik Swanson,5.74,1.17,58.0,8
2019,667498,Robert Dugger,5.77,1.46,34.1,7
2019,642397,Gregory Soto,5.77,1.86,57.2,7
2019,641743,Anthony Kay,5.79,1.43,14.0,2
2019,605498,Andrew Suárez,5.79,1.62,32.2,2
2019,656302,Dylan Cease,5.79,1.55,73.0,14
2019,446372,Corey Kluber,5.8,1.65,35.2,7
2019,622072,Alex Wood,5.8,1.4,35.2,7
2019,595001,Josh A. Smith,5.81,1.42,31.0,2
2019,642558,Ariel Jurado,5.81,1.5,122.1,18
2019,608344,Cole Irvin,5.83,1.39,41.2,3
2019,664285,Framber Valdez,5.86,1.67,70.2,8
2019,592716,Adrian Sampson,5.89,1.53,125.1,15
2019,592717,Aaron Sanchez,5.89,1.62,131.1,27
2019,572403,Drew VerHagen,5.9,1.6,58.0,4
2019,518566,Taylor Cole,5.92,1.59,51.2,6
2019,671790,Ronald Bolaños,5.95,1.47,19.2,3
2019,453385,Clayton Richard,5.96,1.57,45.1,10
2019,643327,Zack Godley,5.97,1.5,92.0,9
2019,502239,Trevor Cahill,5.98,1.47,102.1,11
2019,543135,Nathan Eovaldi,5.99,1.58,67.2,12
2019,596035,Reggie McClain,6.0,1.67,21.0,2
2019,468504,Jhoulys Chacín,6.01,1.56,103.1,24
2019,642098,Glenn Sparkman,6.02,1.51,136.0,23
2019,598271,Brian Johnson,6.02,1.88,40.1,7
2019,664196,Tanner Anderson,6.04,1.66,22.1,5
2019,518452,Chad Bettis,6.08,1.55,63.2,3
2019,502706,Derek Holland,6.08,1.51,84.1,8
2019,475115,Tyson Ross,6.11,1.67,35.1,7
2019,623381,Thomas Pannone,6.16,1.42,73.0,7
2019,663531,Logan Allen,6.18,1.77,27.2,4
2019,626929,Lewis Thorpe,6.18,1.73,27.2,2
2019,476451,Jeremy Hellickson,6.23,1.72,39.0,8
2019,592767,Drew Smyly,6.24,1.59,114.0,21
2019,608334,Carson Fulmer,6.26,1.68,27.1,2
2019,656547,Jonathan Holder,6.31,1.31,41.1,1
2019,605347,Jorge López,6.33,1.47,123.2,18
2019,594840,Matt Grace,6.36,1.52,46.2,1
2019,640464,Kohl Stewart,6.39,1.46,25.1,2
2019,433587,Félix Hernández,6.4,1.53,71.2,15
2019,642545,Jaime Barria,6.42,1.44,82.2,13
2019,664045,Thomas Eshelman,6.5,1.61,36.0,4
2019,656546,Jeff Hoffman,6.56,1.59,70.0,15
2019,453329,Clay Buchholz,6.56,1.49,59.0,12
2019,623167,Chris Flexen,6.59,2.05,13.2,1
2019,446321,Ross Detwiler,6.59,1.62,69.2,12
2019,605469,Chandler Shepherd,6.63,1.53,19.0,3
2019,502327,Héctor Santiago,6.68,1.9,33.2,2
2019,622608,Antonio Senzatela,6.71,1.75,124.2,25
2019,607536,Kyle Freeland,6.73,1.58,104.1,22
2019,606959,Rookie Davis,6.75,1.88,10.2,1
2019,656756,Jordan Montgomery,6.75,1.75,4.0,1
2019,450172,Edinson Volquez,6.75,2.0,16.0,4
2019,676606,Nick Margevicius,6.79,1.61,57.0,12
2019,642231,Jimmy Yacabonis,6.8,1.83,41.0,4
2019,462136,Marco Estrada,6.85,1.31,23.2,5
2019,519455,Jordan Zimmermann,6.91,1.52,112.0,23
2019,544365,Manny Banuelos,6.93,1.84,50.2,8
2019,605501,Stephen Tarpley,6.93,1.99,24.2,1
2019,596074,Bobby Poyner,6.94,1.29,11.2,1
2019,519076,Jimmy Nelson,6.95,1.91,22.0,3
2019,605276,David Hess,7.09,1.55,80.0,14
2019,518774,Matt Harvey,7.09,1.54,59.2,12
2019,660761,José Suarez,7.11,1.64,81.0,15
2019,656605,Mitch Keller,7.13,1.83,48.0,11
2019,669060,Bryse Wilson,7.2,1.8,20.0,4
2019,664871,Kyle Dowdy,7.25,1.97,22.1,1
2019,663567,Peter Lambert,7.25,1.74,89.1,19
2019,592468,Nick Kingham,7.28,1.85,55.2,4
2019,640470,Adbert Alzolay,7.3,1.78,12.1,2
2019,660853,Enyel De Los Santos,7.36,1.64,11.0,1
2019,606162,Yefry Ramírez,7.4,1.89,24.1,1
2019,656271,Brock Burke,7.43,1.54,26.2,6
2019,606930,Jacob Barnes,7.44,1.78,32.2,1
2019,621058,Andrew Moore,7.71,1.5,4.2,1
2019,592229,Dylan Covey,7.98,1.76,58.2,12
2019,641571,Heath Fillmyer,8.06,1.79,22.1,3
2019,621086,James Marvel,8.31,1.79,17.1,4
2019,572070,Garrett Richards,8.31,1.85,8.2,3
2019,621141,Walker Lockett,8.34,1.72,22.2,4
2019,456051,Hector Noesí,8.46,1.59,27.2,4
2019,571946,Shelby Miller,8.59,1.98,44.0,8
2019,643617,Zac Reininger,8.68,2.14,28.0,1
2019,657140,Kyle Wright,8.69,1.88,19.2,4
2019,656725,Alex McRae,8.78,1.95,26.2,2
2019,669203,Corbin Burnes,8.82,1.84,49.0,4
2019,607215,Eric Skoglund,9.0,1.86,21.0,4
2019,643478,Joe Palumbo,9.18,1.74,16.2,4
2019,543001,Ryan Carpenter,9.3,1.82,40.2,9
2019,594736,Cody Anderson,9.35,2.31,8.2,2
2019,657566,Montana DuRapau,9.35,2.08,17.1,2
2019,628333,Odrisamer Despaigne,9.45,2.33,13.1,3
2019,429722,Ervin Santana,9.45,1.88,13.1,3
2019,429719,Edwin Jackson,9.58,2.02,67.2,13
2019,573185,Dan Straily,9.82,1.99,47.2,8
2019,607374,Nick Tropeano,9.88,1.76,13.2,1
2019,641851,Kyle McGowin,10.13,1.63,16.0,1
2019,670970,Adrian Morejon,10.13,2.25,8.0,2
2019,670329,Rico Garcia,10.5,2.33,6.0,1
2019,621112,Paul Blackburn,10.64,2.09,11.0,1
2019,621366,Ryan Borucki,10.8,3.15,6.2,2
2019,656814,Luis Ortiz,10.8,2.7,3.1,1
2019,502171,Alex Cobb,10.95,1.86,12.1,3
2019,639373,Gerson Bautista,11.0,2.44,9.0,2
2019,456387,Ryan Feierabend,11.12,2.12,5.2,1
2019,542881,Tyler Anderson,11.76,2.13,20.2,5
2019,621389,Ty Blach,12.0,2.33,27.0,5
2019,605463,Tayler Scott,14.33,2.57,16.1,2
2019,543219,Sean Gilmartin,19.29,3.86,2.1,1
2019,621368,Taylor Hearn,108.0,21.0,0.1,1
2020,446372,Corey Kluber,0.0,1.0,1.0,1
2020,656557,Tanner Houck,0.53,0.88,17.0,3
2020,605538,Matt Wisler,1.07,1.14,25.1,4
2020,664069,Ben Braymer,1.23,1.64,7.1,1
2020,624647,Victor González,1.33,0.74,20.1,1
2020,622092,Kyle Zimmer,1.57,1.04,23.0,1
2020,621129,Kyle Cody,1.59,1.24,22.2,5
2020,643615,T.J. Zeuch,1.59,1.15,11.1,1
2020,547942,Kwang Hyun Kim,1.62,1.03,39.0,7
2020,669456,Shane Bieber,1.63,0.87,77.1,12
2020,545333,Trevor Bauer,1.73,0.79,73.0,11
2020,595928,John Curtiss,1.8,0.96,25.0,3
2020,523260,Joe Kelly,1.8,1.5,10.0,1
2020,596295,Austin Gomber,1.86,1.17,29.0,4
2020,666120,Ian Anderson,1.95,1.08,32.1,6
2020,572971,Dallas Keuchel,1.99,1.09,63.1,11
2020,506433,Yu Darvish,2.01,0.96,76.0,12
2020,659275,Dinelson Lamet,2.09,0.86,69.0,12
2020,669203,Corbin Burnes,2.11,1.02,59.2,9
2020,477132,Clayton Kershaw,2.16,0.84,58.1,10
2020,641582,Matt Foster,2.2,0.87,28.2,2
2020,608331,Max Fried,2.25,1.09,56.0,11
2020,552640,Andrew Kittredge,2.25,1.25,8.0,1
2020,615698,Cal Quantrill,2.25,1.22,32.0,3
2020,668676,Zach Plesac,2.28,0.8,55.1,8
2020,605135,Chris Bassitt,2.29,1.16,63.0,11
2020,664062,Tony Gonsolin,2.31,0.84,46.2,8
2020,630023,Yonny Chirinos,2.38,1.59,11.1,3
2020,594798,Jacob deGrom,2.38,0.96,68.0,12
2020,641745,Brad Keller,2.47,1.02,54.2,9
2020,669160,Dustin May,2.57,1.09,56.0,10
2020,592761,Caleb Smith,2.57,1.29,14.0,4
2020,518876,Merrill Kelly,2.59,0.99,31.1,5
2020,547943,Hyun Jin Ryu,2.69,1.15,67.0,12
2020,664126,Pete Fairbanks,2.7,1.39,26.2,2
2020,628317,Kenta Maeda,2.7,0.75,66.2,11
2020,592836,Taijuan Walker,2.7,1.16,53.1,11
2020,605200,Zach Davies,2.73,1.07,69.1,12
2020,664353,José Urquidy,2.73,1.01,29.2,5
2020,641672,Thomas Hatch,2.73,1.18,26.1,1
2020,668678,Zac Gallen,2.75,1.11,72.0,12
2020,461325,Tyler Clippard,2.77,0.88,26.0,2
2020,641712,Dakota Hudson,2.77,1.0,39.0,8
2020,676596,Josh Fleming,2.78,1.08,32.1,5
2020,622088,Tejay Antone,2.8,1.02,35.1,4
2020,453284,Blake Parker,2.81,1.31,16.0,1
2020,543037,Gerrit Cole,2.84,0.96,73.0,12
2020,543294,Kyle Hendricks,2.88,1.0,81.1,12
2020,657571,Caleb Ferguson,2.89,1.02,18.2,1
2020,656605,Mitch Keller,2.91,1.25,21.2,5
2020,471911,Carlos Carrasco,2.91,1.21,68.0,12
2020,554430,Zack Wheeler,2.92,1.17,71.0,11
2020,677651,Luis Garcia,2.92,0.97,12.1,1
2020,640470,Adbert Alzolay,2.95,1.17,21.1,4
2020,645261,Sandy Alcantara,3.0,1.19,42.0,7
2020,434378,Justin Verlander,3.0,0.67,6.0,1
2020,605182,Mike Clevinger,3.02,1.15,41.2,8
2020,448179,Rich Hill,3.03,1.16,38.2,8
2020,641447,Daniel Castano,3.03,1.38,29.2,6
2020,605540,Brandon Woodruff,3.05,0.99,73.2,13
2020,660813,Brusdar Graterol,3.09,0.9,23.1,2
2020,594835,Marco Gonzales,3.1,0.95,69.2,11
2020,608718,Brent Suter,3.13,1.11,31.2,4
2020,425794,Adam Wainwright,3.15,1.05,65.2,10
2020,622694,Elieser Hernández,3.16,1.01,25.2,6
2020,664074,Cody Ponce,3.18,1.06,17.0,3
2020,623474,Jimmy Herget,3.2,1.37,19.2,1
2020,621052,Alex Reyes,3.2,1.42,19.2,1
2020,622491,Luis Castillo,3.21,1.23,70.0,12
2020,502239,Trevor Cahill,3.24,1.2,25.0,6
2020,663474,Triston McKenzie,3.24,0.9,33.1,6
2020,605483,Blake Snell,3.24,1.2,50.0,11
2020,596057,Daniel Norris,3.25,1.16,27.2,1
2020,628711,Julio Urías,3.27,1.15,55.0,10
2020,605400,Aaron Nola,3.28,1.08,71.1,12
2020,605164,Dylan Bundy,3.29,1.04,65.2,11
2020,458681,Lance Lynn,3.32,1.06,84.0,13
2020,456701,Homer Bailey,3.38,1.13,8.0,2
2020,643230,Steven Brault,3.38,1.2,42.2,10
2020,501381,Michael Pineda,3.38,1.2,26.2,5
2020,592767,Drew Smyly,3.42,1.1,26.1,5
2020,621111,Walker Buehler,3.44,0.95,36.2,8
2020,622608,Antonio Senzatela,3.44,1.21,73.1,12
2020,656849,David Peterson,3.44,1.21,49.2,9
2020,642083,Aaron Slegers,3.46,0.88,26.0,1
2020,664350,Sixto Sánchez,3.46,1.21,39.0,7
2020,457918,J.A. Happ,3.47,1.05,49.1,9
2020,664299,Cristian Javier,3.48,0.99,54.1,10
2020,608337,Lucas Giolito,3.48,1.04,72.1,12
2020,642528,Jonathan Loáisiga,3.52,1.22,23.0,3
2020,642232,Ryan Yarbrough,3.56,1.19,55.2,9
2020,547888,Masahiro Tanaka,3.56,1.17,48.0,10
2020,664285,Framber Valdez,3.57,1.12,70.2,10
2020,656954,Justus Sheffield,3.58,1.3,55.1,10
2020,641816,Tyler Mahle,3.59,1.15,47.2,9
2020,641154,Pablo López,3.61,1.19,57.1,11
2020,642545,Jaime Barria,3.62,1.11,32.1,5
2020,592332,Kevin Gausman,3.62,1.11,59.2,10
2020,596043,Daniel Mengden,3.65,1.7,12.1,1
2020,543243,Sonny Gray,3.7,1.21,56.0,11
2020,571735,David Hale,3.71,1.59,17.0,2
2020,543135,Nathan Eovaldi,3.72,1.2,48.1,9
2020,453286,Max Scherzer,3.74,1.38,67.1,12
2020,608566,Germán Márquez,3.75,1.26,81.2,13
2020,605397,Joe Musgrove,3.86,1.24,39.2,8
2020,642231,Jimmy Yacabonis,3.86,2.14,2.1,1
2020,664045,Thomas Eshelman,3.89,1.24,34.2,4
2020,621121,Lance McCullers Jr.,3.93,1.16,55.0,11
2020,647336,Michael Soroka,3.95,1.32,13.2,3
2020,518489,Ryan Brasier,3.96,1.4,25.0,1
2020,641302,Tyler Alexander,3.96,1.32,36.1,2
2020,621107,Zach Eflin,3.97,1.27,59.0,10
2020,641540,Dane Dunning,3.97,1.12,34.0,7
2020,605513,Spencer Turnbull,3.97,1.34,56.2,11
2020,642547,Freddy Peralta,3.99,1.16,29.1,1
2020,656288,Griffin Canning,3.99,1.37,56.1,11
2020,621244,José Berríos,4.0,1.32,63.0,12
2020,656302,Dylan Cease,4.01,1.44,58.1,12
2020,669060,Bryse Wilson,4.02,1.72,15.2,2
2020,670056,Caleb Baragar,4.03,0.99,22.1,1
2020,425844,Zack Greinke,4.03,1.13,67.0,12
2020,572070,Garrett Richards,4.03,1.25,51.1,10
2020,677976,Randy Dobnak,4.05,1.35,46.2,10
2020,663903,Brady Singer,4.06,1.17,64.1,12
2020,607192,Tyler Glasnow,4.08,1.13,57.1,11
2020,666200,Jesús Luzardo,4.12,1.27,59.0,9
2020,657240,Julian Merryweather,4.15,1.31,13.0,3
2020,474463,Brett Anderson,4.21,1.28,47.0,10
2020,641771,Chad Kuhl,4.27,1.36,46.1,9
2020,547179,Michael Lorenzen,4.28,1.4,33.2,2
2020,607200,Erick Fedde,4.29,1.37,50.1,8
2020,502171,Alex Cobb,4.3,1.34,52.1,10
2020,663460,Kris Bubic,4.32,1.48,50.0,10
2020,607536,Kyle Freeland,4.33,1.42,70.2,13
2020,643290,Justin Dunn,4.34,1.36,45.2,10
2020,664199,Taylor Clarke,4.36,1.29,43.1,5
2020,542881,Tyler Anderson,4.37,1.39,59.2,11
2020,543901,Ryan Weber,4.4,1.35,43.0,5
2020,657044,Ryan Thompson,4.44,1.41,26.1,1
2020,571760,Andrew Heaney,4.46,1.23,66.2,12
2020,621219,Alec Mills,4.48,1.16,62.1,11
2020,542882,Matt Andriese,4.5,1.0,32.0,1
2020,502179,Paolo Espino,4.5,1.67,6.0,1
2020,640455,Sean Manaea,4.5,1.2,54.0,11
2020,658431,Adonis Medina,4.5,1.5,4.0,1
2020,527048,Martín Pérez,4.5,1.34,62.0,12
2020,500779,Jose Quintana,4.5,1.3,10.0,1
2020,607644,John Means,4.53,0.98,43.2,10
2020,669211,Keegan Akin,4.56,1.44,25.2,6
2020,676606,Nick Margevicius,4.57,1.26,41.1,7
2020,571666,Mike Fiers,4.58,1.37,59.0,11
2020,670970,Adrian Morejon,4.66,1.24,19.1,4
2020,571578,Patrick Corbin,4.66,1.57,65.2,11
2020,533167,Matt Shoemaker,4.71,1.08,28.2,6
2020,663978,Chris Paddack,4.73,1.22,59.0,12
2020,450203,Charlie Morton,4.74,1.39,38.0,9
2020,650644,Aaron Civale,4.74,1.32,74.0,12
2020,458708,Josh Tomlin,4.76,1.21,39.2,5
2020,607391,Chris Mazza,4.8,1.63,30.0,6
2020,665152,Dean Kremer,4.82,1.45,18.2,4
2020,461829,Gio Gonzalez,4.83,1.86,31.2,4
2020,605138,Wes Benjamin,4.84,1.39,22.1,1
2020,621261,Corey Oswalt,4.85,1.23,13.0,1
2020,592644,Adam Plutko,4.88,1.34,27.2,4
2020,656427,Jack Flaherty,4.91,1.21,40.1,9
2020,672578,Carlos Hernández,4.91,1.7,14.2,3
2020,664141,JT Brubaker,4.94,1.37,47.1,9
2020,518633,Danny Duffy,4.95,1.33,56.1,11
2020,621141,Walker Lockett,4.96,1.53,16.1,1
2020,594965,Daniel Ponce de Leon,4.96,1.32,32.2,8
2020,665620,Deivi García,4.98,1.19,34.1,6
2020,543557,Mike Montgomery,5.06,1.31,5.1,1
2020,453562,Jake Arrieta,5.08,1.51,44.1,9
2020,656756,Jordan Montgomery,5.11,1.3,44.0,10
2020,607625,Seth Lugo,5.15,1.36,36.2,7
2020,458676,Josh Lindblom,5.16,1.28,45.1,10
2020,452657,Jon Lester,5.16,1.33,61.0,12
2020,579328,Yusei Kikuchi,5.17,1.3,47.0,9
2020,664714,Ljay Newsome,5.17,1.34,15.2,4
2020,672715,Luis Patiño,5.19,1.85,17.1,1
2020,657140,Kyle Wright,5.21,1.55,38.0,8
2020,543022,Tyler Chatwood,5.3,1.66,18.2,5
2020,605288,Adrian Houser,5.3,1.5,56.0,11
2020,502043,Kyle Gibson,5.35,1.53,67.1,12
2020,456501,Johnny Cueto,5.4,1.37,63.1,12
2020,650668,Humberto Mejía,5.4,1.9,10.0,3
2020,668338,Tyson Miller,5.4,1.0,5.0,1
2020,570632,José Ureña,5.4,1.5,23.1,5
2020,622065,Alex Young,5.44,1.4,46.1,7
2020,657277,Logan Webb,5.47,1.56,54.1,11
2020,670912,Johan Oviedo,5.47,1.38,24.2,5
2020,501985,Mike Minor,5.56,1.24,56.2,11
2020,592826,Vince Velasquez,5.56,1.56,34.0,7
2020,663765,Jake Woodford,5.57,1.19,21.0,1
2020,593423,Frankie Montas,5.6,1.51,53.0,11
2020,605155,Colten Brewer,5.61,1.75,25.2,4
2020,669373,Tarik Skubal,5.63,1.22,32.0,7
2020,519144,Rick Porcello,5.64,1.51,59.0,12
2020,663776,Patrick Sandoval,5.65,1.34,36.2,6
2020,489119,Wade Miley,5.65,1.67,14.1,4
2020,606131,Luis Perdomo,5.71,1.33,17.1,1
2020,608665,Kendall Graveman,5.79,1.23,18.2,2
2020,607067,Colin Rea,5.79,1.21,14.0,2
2020,624418,Ryan Castellani,5.82,1.45,43.1,9
2020,660623,Huascar Ynoa,5.82,1.66,21.2,5
2020,548389,Ross Stripling,5.84,1.5,49.1,9
2020,666129,Braxton Garrett,5.87,1.7,7.2,2
2020,670950,Trevor Richards,5.91,1.72,32.0,4
2020,675921,Spencer Howard,5.92,1.64,24.1,6
2020,592169,Austin Brice,5.95,1.53,19.2,1
2020,663878,Nate Pearson,6.0,1.5,18.0,4
2020,626929,Lewis Thorpe,6.06,2.08,16.1,1
2020,669432,Trevor Rogers,6.11,1.61,28.0,7
2020,592866,Trevor Williams,6.18,1.57,55.1,11
2020,608723,Austin Voth,6.34,1.51,49.2,11
2020,592612,Josh Osich,6.38,1.42,18.1,1
2020,596001,Jakob Junis,6.39,1.62,25.1,6
2020,622072,Alex Wood,6.39,1.82,12.2,2
2020,518516,Madison Bumgarner,6.48,1.44,41.2,9
2020,625643,Reynaldo López,6.49,1.63,26.1,8
2020,665759,Ramón Rosso,6.52,1.76,9.2,1
2020,596133,Luke Weaver,6.58,1.56,52.0,12
2020,543606,Jake Odorizzi,6.59,1.39,13.2,4
2020,608379,Michael Wacha,6.62,1.56,34.0,7
2020,592662,Robbie Ray,6.62,1.9,51.2,11
2020,434671,Aníbal Sánchez,6.62,1.66,53.0,11
2020,572020,James Paxton,6.64,1.48,20.1,5
2020,592351,Jon Gray,6.69,1.44,39.0,8
2020,605347,Jorge López,6.69,1.49,39.0,6
2020,543548,Tommy Milone,6.69,1.56,39.0,9
2020,571510,Matthew Boyd,6.71,1.48,60.1,12
2020,656232,Brandon Bielak,6.75,1.75,32.0,6
2020,656970,Devin Smeltzer,6.75,1.5,16.0,1
2020,543699,Tanner Roark,6.8,1.74,47.2,11
2020,592879,Asher Wojciechowski,6.81,1.62,37.0,7
2020,595001,Josh A. Smith,6.84,1.67,26.1,1
2020,502706,Derek Holland,6.86,1.4,40.2,5
2020,592346,Chi Chi González,6.86,1.63,19.2,4
2020,601713,Nick Pivetta,6.89,1.53,15.2,2
2020,663554,Casey Mize,6.99,1.48,28.1,7
2020,543475,Jordan Lyles,7.02,1.56,57.2,9
2020,657376,Clarke Schmidt,7.11,1.89,6.1,1
2020,502624,Chase Anderson,7.22,1.63,33.2,7
2020,543101,Anthony DeSclafani,7.22,1.69,33.2,7
2020,657624,Josh James,7.27,1.85,17.1,2
2020,472610,Luis García,7.56,2.28,8.1,2
2020,592811,Andrew Triggs,7.56,1.68,8.1,2
2020,673258,Michel Baez,7.71,1.93,4.2,1
2020,592464,Mike Kickham,7.71,1.86,14.0,2
2020,669145,Bruce Zimmermann,7.71,1.14,7.0,1
2020,663465,Kolby Allard,7.75,1.51,33.2,8
2020,650633,Michael King,7.76,1.54,26.2,4
2020,664192,Joey Lucchesi,7.94,2.65,5.2,2
2020,519455,Jordan Zimmermann,7.94,2.29,5.2,2
2020,453281,Wade LeBlanc,8.06,1.57,22.1,6
2020,572362,Robbie Erlin,8.1,1.5,26.2,5
2020,430935,Cole Hamels,8.1,1.2,3.1,1
2020,665621,Rony García,8.14,1.62,21.0,2
2020,643327,Zack Godley,8.16,1.95,28.2,7
2020,607074,Carlos Rodón,8.22,1.57,7.2,2
2020,467100,Iván Nova,8.53,1.63,19.0,4
2020,605242,Michael Fulmer,8.78,2.06,27.2,10
2020,657053,Touki Toussaint,8.88,1.77,24.1,5
2020,580792,Nick Goody,9.0,2.0,11.0,1
2020,453178,Ian Kennedy,9.0,1.79,14.0,1
2020,607229,Robert Gsellman,9.64,2.14,14.0,4
2020,571927,Steven Matz,9.68,1.7,30.2,6
2020,502188,Jeff Samardzija,9.72,1.5,16.2,4
2020,593372,Carlos Martinez,9.9,2.1,20.0,5
2020,680692,Jonathan Stiever,9.95,1.74,6.1,2
2020,527054,Julio Teheran,10.05,1.76,31.1,9
2020,656353,Tucker Davidson,10.8,4.2,1.2,1
2020,544931,Stephen Strasburg,10.8,1.8,5.0,2
2020,663423,Trent Thornton,11.12,3.18,5.2,3
2020,656794,Sean Newcomb,11.2,1.9,13.2,4
2020,642558,Ariel Jurado,11.25,2.25,4.0,1
2020,518774,Matt Harvey,11.57,2.74,11.2,4
2020,640444,Wil Crowe,11.88,2.64,8.1,3
2020,671790,Ronald Bolaños,12.27,3.0,3.2,2
2020,667498,Robert Dugger,12.66,2.25,10.2,1
2020,641778,Eric Lauer,13.09,2.36,11.0,2
2020,608328,Chase De Jong,14.73,2.18,7.1,2
2020,641482,Nestor Cortes,15.26,2.35,7.2,1
2020,606996,Kyle Hart,15.55,3.09,11.0,3
2020,592314,Mike Foltynewicz,16.2,2.4,3.1,1
2020,596071,Dillon Peters,16.2,1.8,1.2,1
2020,665733,Antonio Santos,16.5,3.0,6.0,1
2020,657141,Jordan Yamamoto,18.26,3.0,11.1,3
2020,664180,Matt Hall,18.69,3.12,8.2,1
2020,622490,Robinson Leyer,21.21,4.29,4.2,1
2020,641726,Daulton Jefferies,22.5,3.5,2.0,1
2020,621112,Paul Blackburn,27.0,3.0,2.1,1
2020,660271,Shohei Ohtani,37.8,6.6,1.2,2
2020,660761,José Suarez,38.57,6.43,2.1,2
2021,672710,Roansy Contreras,0.0,1.33,3.0,1
2021,488984,Tommy Hunter,0.0,0.88,8.0,1
2021,672582,Angel Zerpa,0.0,0.8,5.0,1
2021,475479,David Phelps,0.87,1.16,10.1,1
2021,571901,Aaron Loup,0.95,0.94,56.2,2
2021,594798,Jacob deGrom,1.08,0.55,92.0,15
2021,624133,Ranger Suarez,1.36,1.0,106.0,12
2021,608678,Dominic Leone,1.51,1.1,53.2,4
2021,665665,Reiver Sanmartin,1.54,1.2,11.2,2
2021,543521,Collin McHugh,1.55,0.94,64.0,7
2021,664157,Travis Bergen,1.69,1.22,10.2,1
2021,527054,Julio Teheran,1.8,1.4,5.0,1
2021,519076,Jimmy Nelson,1.86,0.93,29.0,1
2021,552640,Andrew Kittredge,1.88,0.98,71.2,4
2021,669358,Shane Baz,2.03,0.68,13.1,3
2021,641712,Dakota Hudson,2.08,0.92,8.2,1
2021,571800,Drew Hutchison,2.11,1.45,21.1,2
2021,445926,Jesse Chavez,2.14,1.01,33.2,4
2021,595939,Chris Ellis,2.15,1.19,29.1,6
2021,658648,Pedro Avila,2.25,1.75,4.0,1
2021,545343,Louis Head,2.31,0.86,35.0,2
2021,501625,Jose Alvarez,2.37,1.11,64.2,1
2021,607074,Carlos Rodón,2.37,0.96,132.2,24
2021,622098,Drew Smith,2.4,1.06,41.1,1
2021,669203,Corbin Burnes,2.43,0.94,167.0,28
2021,621114,Ryan Burr,2.45,1.34,36.2,1
2021,608349,Corey Knebel,2.45,0.97,25.2,4
2021,453286,Max Scherzer,2.46,0.86,179.1,30
2021,621111,Walker Buehler,2.47,0.97,207.2,33
2021,518633,Danny Duffy,2.51,1.21,61.0,12
2021,605540,Brandon Woodruff,2.56,0.96,179.1,30
2021,545333,Trevor Bauer,2.59,1.0,107.2,17
2021,669432,Trevor Rogers,2.64,1.15,133.0,25
2021,607192,Tyler Glasnow,2.66,0.93,88.0,14
2021,458681,Lance Lynn,2.69,1.07,157.0,28
2021,476595,Lucas Luetge,2.74,1.13,72.1,1
2021,669160,Dustin May,2.74,0.96,23.0,5
2021,554430,Zack Wheeler,2.78,1.01,213.1,32
2021,669622,Anthony Bender,2.79,1.06,61.1,1
2021,592716,Adrian Sampson,2.8,1.08,35.1,5
2021,642547,Freddy Peralta,2.81,0.97,144.1,27
2021,592332,Kevin Gausman,2.81,1.04,192.0,33
2021,592662,Robbie Ray,2.84,1.04,193.1,32
2021,656876,Drew Rasmussen,2.84,1.08,76.0,10
2021,605513,Spencer Turnbull,2.88,0.98,50.0,9
2021,615698,Cal Quantrill,2.89,1.18,149.2,22
2021,677865,Justin Bruihl,2.89,1.07,18.2,2
2021,641482,Nestor Cortes,2.9,1.08,93.0,14
2021,663574,Tony Santillan,2.91,1.27,43.1,4
2021,641793,Zack Littell,2.92,1.14,61.2,2
2021,628711,Julio Urías,2.96,1.02,185.2,32
2021,605242,Michael Fulmer,2.97,1.28,69.2,4
2021,664076,Garrett Cleavinger,3.0,1.78,18.0,1
2021,573186,Marcus Stroman,3.02,1.15,179.0,33
2021,657277,Logan Webb,3.03,1.11,148.1,26
2021,608331,Max Fried,3.04,1.09,165.2,28
2021,425794,Adam Wainwright,3.05,1.06,206.1,32
2021,592717,Aaron Sanchez,3.06,1.33,35.1,7
2021,489334,Craig Stammen,3.06,1.04,88.1,4
2021,661563,Luis Gil,3.07,1.33,29.1,6
2021,641154,Pablo López,3.07,1.12,102.2,20
2021,608718,Brent Suter,3.07,1.31,73.1,1
2021,503449,Wily Peralta,3.07,1.33,93.2,18
2021,664285,Framber Valdez,3.14,1.25,134.2,22
2021,605135,Chris Bassitt,3.15,1.06,157.1,27
2021,656457,Tyler Gilbert,3.15,1.03,40.0,6
2021,621121,Lance McCullers Jr.,3.16,1.22,162.1,28
2021,519242,Chris Sale,3.16,1.34,42.2,9
2021,669456,Shane Bieber,3.17,1.21,96.2,16
2021,543101,Anthony DeSclafani,3.17,1.09,167.2,31
2021,605397,Joe Musgrove,3.18,1.08,181.1,31
2021,660271,Shohei Ohtani,3.18,1.09,130.1,23
2021,641778,Eric Lauer,3.19,1.14,118.2,20
2021,645261,Sandy Alcantara,3.19,1.07,205.2,33
2021,656427,Jack Flaherty,3.22,1.06,78.1,15
2021,572955,Pierce Johnson,3.22,1.26,58.2,2
2021,666201,Alek Manoah,3.22,1.05,111.2,20
2021,605288,Adrian Houser,3.22,1.28,142.1,26
2021,543037,Gerrit Cole,3.23,1.06,181.1,30
2021,664062,Tony Gonsolin,3.23,1.35,55.2,13
2021,605507,Zach Thompson,3.24,1.21,75.0,14
2021,623454,Drew Anderson,3.27,1.18,22.0,1
2021,642028,Josh Rogers,3.28,1.29,35.2,6
2021,657024,Erik Swanson,3.31,1.08,35.1,2
2021,450203,Charlie Morton,3.34,1.04,185.2,33
2021,593974,Wandy Peralta,3.35,1.37,51.0,1
2021,489119,Wade Miley,3.37,1.33,163.0,28
2021,593423,Frankie Montas,3.37,1.18,187.0,32
2021,672851,Joan Adon,3.38,1.69,5.1,1
2021,656458,Lucas Gilbreath,3.38,1.31,42.2,1
2021,624522,Keegan Thompson,3.38,1.48,53.1,6
2021,606303,Joel Payamps,3.4,1.15,50.1,1
2021,502327,Héctor Santiago,3.42,1.44,26.1,1
2021,608335,Kyle Funkhouser,3.42,1.4,68.1,2
2021,663556,Shane McClanahan,3.43,1.27,123.1,25
2021,641401,Connor Brogdon,3.43,1.13,57.2,1
2021,625643,Reynaldo López,3.43,0.95,57.2,9
2021,595928,John Curtiss,3.45,1.22,44.1,2
2021,612434,Miguel Castro,3.45,1.29,70.1,2
2021,547942,Kwang Hyun Kim,3.46,1.28,106.2,21
2021,677651,Luis Garcia,3.48,1.18,155.1,28
2021,621261,Corey Oswalt,3.48,1.35,10.1,1
2021,656629,Michael Kopech,3.5,1.13,69.1,4
2021,621244,José Berríos,3.52,1.06,192.0,32
2021,656557,Tanner Houck,3.52,1.13,69.0,13
2021,658431,Adonis Medina,3.52,1.7,7.2,1
2021,608337,Lucas Giolito,3.53,1.1,178.2,31
2021,477132,Clayton Kershaw,3.55,1.02,121.2,22
2021,664299,Cristian Javier,3.55,1.18,101.1,9
2021,650633,Michael King,3.55,1.28,63.1,6
2021,624647,Victor González,3.57,1.44,35.1,1
2021,666120,Ian Anderson,3.58,1.23,128.1,24
2021,656353,Tucker Davidson,3.6,1.15,20.0,4
2021,641726,Daulton Jefferies,3.6,1.0,15.0,1
2021,596082,Jake Reed,3.6,1.2,10.0,1
2021,623167,Chris Flexen,3.61,1.25,179.2,31
2021,664353,José Urquidy,3.62,0.99,107.0,20
2021,607644,John Means,3.62,1.03,146.2,26
2021,663776,Patrick Sandoval,3.62,1.21,87.0,14
2021,501381,Michael Pineda,3.62,1.23,109.1,21
2021,669735,Chris Rodriguez,3.64,1.45,29.2,2
2021,622766,Miguel Díaz,3.64,1.19,42.0,2
2021,669952,Mitch White,3.66,1.18,46.2,4
2021,543056,Danny Coulombe,3.67,1.22,34.1,1
2021,672578,Carlos Hernández,3.68,1.28,85.2,11
2021,502043,Kyle Gibson,3.71,1.22,182.0,30
2021,663554,Casey Mize,3.71,1.14,150.1,30
2021,596071,Dillon Peters,3.71,1.35,26.2,6
2021,543351,Jay Jackson,3.74,1.25,21.2,1
2021,641816,Tyler Mahle,3.75,1.23,180.0,33
2021,543135,Nathan Eovaldi,3.75,1.19,182.1,32
2021,660761,José Suarez,3.75,1.23,98.1,14
2021,643290,Justin Dunn,3.75,1.31,50.1,11
2021,502171,Alex Cobb,3.76,1.26,93.1,18
2021,607229,Robert Gsellman,3.77,1.19,28.2,1
2021,641302,Tyler Alexander,3.81,1.26,106.1,15
2021,542914,Anthony Bass,3.82,1.29,61.1,1
2021,571927,Steven Matz,3.82,1.33,150.2,29
2021,446372,Corey Kluber,3.83,1.34,80.0,16
2021,622072,Alex Wood,3.83,1.18,138.2,26
2021,656756,Jordan Montgomery,3.83,1.28,157.1,30
2021,650644,Aaron Civale,3.84,1.12,124.1,21
2021,594577,Mike Mayers,3.84,1.29,75.0,2
2021,448179,Rich Hill,3.86,1.21,158.2,31
2021,676083,Janson Junk,3.86,1.35,16.1,4
2021,669214,Conner Menez,3.86,1.36,14.0,1
2021,670970,Adrian Morejon,3.86,1.5,4.2,2
2021,571510,Matthew Boyd,3.89,1.27,78.2,15
2021,656302,Dylan Cease,3.91,1.25,165.2,32
2021,640455,Sean Manaea,3.91,1.23,179.1,32
2021,594835,Marco Gonzales,3.96,1.17,143.1,25
2021,622491,Luis Castillo,3.98,1.36,187.2,33
2021,663765,Jake Woodford,3.99,1.34,67.2,8
2021,656548,Jordan Holloway,4.0,1.36,36.0,4
2021,456034,David Price,4.03,1.43,73.2,11
2021,656322,Sam Coonrod,4.04,1.32,42.1,2
2021,657746,Joe Ryan,4.05,0.79,26.2,5
2021,657141,Jordan Yamamoto,4.05,1.8,6.2,1
2021,660623,Huascar Ynoa,4.05,1.11,91.0,17
2021,621076,James Kaprielian,4.07,1.22,119.1,21
2021,456501,Johnny Cueto,4.08,1.37,114.2,21
2021,607231,John Gant,4.09,1.51,110.0,21
2021,646242,Jhonathan Díaz,4.15,1.38,13.0,2
2021,425844,Zack Greinke,4.16,1.17,171.0,29
2021,605452,Joe Ross,4.17,1.22,108.0,19
2021,666205,Kyle Muller,4.17,1.25,36.2,8
2021,621107,Zach Eflin,4.17,1.25,105.2,18
2021,622694,Elieser Hernández,4.18,1.32,51.2,11
2021,543243,Sonny Gray,4.19,1.22,135.1,26
2021,641927,Bailey Ober,4.19,1.2,92.1,20
2021,623485,Ashton Goudeau,4.19,1.19,34.1,1
2021,605483,Blake Snell,4.2,1.32,128.2,27
2021,663878,Nate Pearson,4.2,1.73,15.0,1
2021,543606,Jake Odorizzi,4.21,1.25,104.2,23
2021,474463,Brett Anderson,4.22,1.35,96.0,24
2021,506433,Yu Darvish,4.22,1.09,166.1,30
2021,571945,Miles Mikolas,4.23,1.21,44.2,9
2021,608344,Cole Irvin,4.24,1.33,178.1,32
2021,596133,Luke Weaver,4.25,1.19,65.2,13
2021,657006,Justin Steele,4.26,1.35,57.0,9
2021,502179,Paolo Espino,4.27,1.21,109.2,19
2021,668678,Zac Gallen,4.3,1.29,121.1,23
2021,592791,Jameson Taillon,4.3,1.21,144.1,29
2021,672715,Luis Patiño,4.31,1.27,77.1,15
2021,607536,Kyle Freeland,4.33,1.42,120.2,23
2021,468504,Jhoulys Chacín,4.34,1.26,64.1,1
2021,669373,Tarik Skubal,4.34,1.26,149.1,29
2021,642203,Taylor Widener,4.35,1.45,70.1,13
2021,592866,Trevor Williams,4.35,1.49,91.0,15
2021,547943,Hyun Jin Ryu,4.37,1.22,169.0,31
2021,543594,Sean Nolin,4.39,1.69,26.2,5
2021,608566,Germán Márquez,4.4,1.27,180.0,32
2021,659275,Dinelson Lamet,4.4,1.49,47.0,9
2021,453281,Wade LeBlanc,4.41,1.49,49.0,9
2021,579328,Yusei Kikuchi,4.41,1.32,157.0,29
2021,622608,Antonio Senzatela,4.42,1.34,156.2,28
2021,663460,Kris Bubic,4.43,1.38,130.0,20
2021,518876,Merrill Kelly,4.44,1.29,158.0,27
2021,664192,Joey Lucchesi,4.46,1.17,38.1,8
2021,592836,Taijuan Walker,4.47,1.18,159.0,29
2021,592767,Drew Smyly,4.48,1.37,126.2,23
2021,656232,Brandon Bielak,4.5,1.38,50.0,2
2021,502085,David Robertson,4.5,1.25,12.0,1
2021,657053,Touki Toussaint,4.5,1.3,50.0,10
2021,592879,Asher Wojciechowski,4.5,1.5,4.0,1
2021,641540,Dane Dunning,4.51,1.44,117.2,25
2021,656731,Tylor Megill,4.52,1.28,89.2,18
2021,596295,Austin Gomber,4.53,1.24,115.1,23
2021,542881,Tyler Anderson,4.53,1.25,167.0,31
2021,601713,Nick Pivetta,4.53,1.3,155.0,30
2021,663734,Nick Neidert,4.54,1.51,35.2,7
2021,676879,Aaron Ashby,4.55,1.17,31.2,4
2021,656546,Jeff Hoffman,4.56,1.58,73.0,11
2021,544931,Stephen Strasburg,4.57,1.38,21.2,5
2021,593334,Domingo Germán,4.58,1.18,98.1,18
2021,640470,Adbert Alzolay,4.58,1.16,125.2,21
2021,660813,Brusdar Graterol,4.59,1.41,33.1,1
2021,592351,Jon Gray,4.59,1.33,149.0,29
2021,642545,Jaime Barria,4.61,1.57,56.2,11
2021,605400,Aaron Nola,4.63,1.13,180.2,32
2021,446321,Ross Detwiler,4.64,1.22,52.1,5
2021,502042,Chris Archer,4.66,1.34,19.1,5
2021,628317,Kenta Maeda,4.66,1.3,106.1,21
2021,621368,Taylor Hearn,4.66,1.32,104.1,11
2021,668676,Zach Plesac,4.67,1.2,142.2,25
2021,518516,Madison Bumgarner,4.67,1.18,146.1,26
2021,669302,Logan Gilbert,4.68,1.17,119.1,24
2021,429722,Ervin Santana,4.68,1.33,65.1,2
2021,669935,A.J. Alexy,4.7,1.3,23.0,4
2021,656818,Connor Overton,4.7,1.24,15.1,3
2021,626929,Lewis Thorpe,4.7,1.37,15.1,4
2021,452657,Jon Lester,4.71,1.51,141.1,28
2021,664208,Phil Maton,4.73,1.46,66.2,1
2021,661269,Vladimir Gutierrez,4.74,1.41,114.0,22
2021,527048,Martín Pérez,4.74,1.51,114.0,22
2021,593958,Eduardo Rodriguez,4.74,1.39,157.2,31
2021,608652,Luke Farrell,4.74,1.66,24.2,1
2021,543294,Kyle Hendricks,4.77,1.35,181.0,32
2021,663423,Trent Thornton,4.78,1.43,49.0,3
2021,548389,Ross Stripling,4.8,1.27,101.1,19
2021,641771,Chad Kuhl,4.82,1.43,80.1,14
2021,592761,Caleb Smith,4.83,1.37,113.2,13
2021,622092,Kyle Zimmer,4.83,1.41,54.0,2
2021,657240,Julian Merryweather,4.85,1.31,13.0,1
2021,641447,Daniel Castano,4.87,1.48,20.1,4
2021,572070,Garrett Richards,4.87,1.6,136.2,22
2021,676840,Matt Peacock,4.9,1.56,86.1,8
2021,669169,Jonathan Heasley,4.91,1.23,14.2,3
2021,670912,Johan Oviedo,4.91,1.57,62.1,13
2021,663903,Brady Singer,4.91,1.55,128.1,27
2021,528748,Humberto Castellanos,4.93,1.38,45.2,7
2021,641871,Keynan Middleton,4.94,1.58,31.0,1
2021,663474,Triston McKenzie,4.95,1.18,120.0,24
2021,663753,Reiss Knehr,4.97,1.48,29.0,5
2021,650911,Cristopher Sánchez,4.97,1.82,12.2,1
2021,547001,Cody Poteet,4.99,1.34,30.2,7
2021,666129,Braxton Garrett,5.03,1.82,34.0,7
2021,669145,Bruce Zimmermann,5.04,1.51,64.1,13
2021,592135,Cam Bedrosian,5.04,1.76,25.0,1
2021,501985,Mike Minor,5.05,1.24,158.2,28
2021,608379,Michael Wacha,5.05,1.31,124.2,23
2021,621295,Nick Wittgren,5.05,1.25,62.1,1
2021,621219,Alec Mills,5.07,1.44,119.0,20
2021,663978,Chris Paddack,5.07,1.26,108.1,22
2021,502706,Derek Holland,5.07,1.57,49.2,1
2021,676596,Josh Fleming,5.09,1.35,104.1,11
2021,642232,Ryan Yarbrough,5.11,1.23,155.0,21
2021,668968,Hans Crouse,5.14,1.57,7.0,2
2021,543475,Jordan Lyles,5.15,1.39,180.0,30
2021,596001,Jakob Junis,5.26,1.4,39.1,6
2021,640464,Kohl Stewart,5.27,1.68,13.2,3
2021,572971,Dallas Keuchel,5.28,1.53,162.0,30
2021,677960,Ryan Weathers,5.32,1.38,94.2,18
2021,608723,Austin Voth,5.34,1.48,57.1,1
2021,669212,Eli Morgan,5.34,1.25,89.1,18
2021,669060,Bryse Wilson,5.35,1.45,74.0,16
2021,664141,JT Brubaker,5.36,1.29,124.1,24
2021,641745,Brad Keller,5.39,1.66,133.2,26
2021,624418,Ryan Castellani,5.4,2.7,3.1,1
2021,663465,Kolby Allard,5.41,1.28,124.2,17
2021,592314,Mike Foltynewicz,5.44,1.26,139.0,24
2021,607200,Erick Fedde,5.47,1.44,133.1,27
2021,680686,Josiah Gray,5.48,1.36,70.2,13
2021,640444,Wil Crowe,5.48,1.57,116.2,25
2021,607188,Jake Faria,5.51,1.59,32.2,3
2021,669674,Sam Long,5.53,1.28,40.2,5
2021,656849,David Peterson,5.54,1.4,66.2,15
2021,607572,Sam Howard,5.6,1.47,45.0,1
2021,656288,Griffin Canning,5.6,1.48,62.2,13
2021,660365,Hyeon-Jong Yang,5.6,1.64,35.1,4
2021,663559,Bailey Falter,5.61,1.19,33.2,1
2021,641743,Anthony Kay,5.61,1.66,33.2,5
2021,657376,Clarke Schmidt,5.68,2.53,6.1,1
2021,663738,Daniel Lynch IV,5.69,1.63,68.0,15
2021,608328,Chase De Jong,5.77,1.56,43.2,9
2021,605200,Zach Davies,5.78,1.6,148.0,32
2021,664042,Travis Lakins,5.79,1.43,28.0,1
2021,656641,Jacob Latz,5.79,1.07,4.2,1
2021,457918,J.A. Happ,5.79,1.48,152.1,30
2021,666159,Matt Manning,5.8,1.51,85.1,18
2021,665795,Edward Cabrera,5.81,1.63,26.1,7
2021,570632,José Ureña,5.81,1.6,100.2,18
2021,571578,Patrick Corbin,5.82,1.47,171.2,31
2021,571760,Andrew Heaney,5.83,1.32,129.2,23
2021,643230,Steven Brault,5.86,1.63,27.2,7
2021,621112,Paul Blackburn,5.87,1.62,38.1,9
2021,622446,Jefry Rodriguez,5.92,1.73,24.1,1
2021,656212,Charlie Barnes,5.92,1.63,38.0,8
2021,657756,Connor Seabold,6.0,1.67,3.0,1
2021,642092,Riley Smith,6.01,1.5,67.1,6
2021,471911,Carlos Carrasco,6.04,1.43,53.2,12
2021,605164,Dylan Bundy,6.06,1.36,90.2,19
2021,448855,Junior Guerra,6.06,1.73,65.1,1
2021,605347,Jorge López,6.07,1.63,121.2,25
2021,656605,Mitch Keller,6.17,1.79,100.2,23
2021,594965,Daniel Ponce de Leon,6.21,1.62,33.1,2
2021,669424,Jimmy Lambert,6.23,1.69,13.0,3
2021,593372,Carlos Martinez,6.23,1.37,82.1,16
2021,663531,Logan Allen,6.26,1.49,50.1,11
2021,518774,Matt Harvey,6.27,1.54,127.2,28
2021,668820,Max Kranick,6.28,1.71,38.2,9
2021,519043,Matt Moore,6.29,1.59,73.0,13
2021,592826,Vince Velasquez,6.3,1.48,94.1,21
2021,431148,Scott Kazmir,6.35,1.85,11.1,4
2021,676050,Packy Naughton,6.35,1.81,22.2,5
2021,643377,Griffin Jax,6.37,1.35,82.0,14
2021,445213,Brandon Kintzler,6.37,1.79,29.2,1
2021,669294,Paul Campbell,6.41,1.58,26.2,1
2021,571735,David Hale,6.41,1.46,26.2,1
2021,543548,Tommy Milone,6.43,1.64,14.0,1
2021,500779,Jose Quintana,6.43,1.73,63.0,10
2021,543699,Tanner Roark,6.43,1.29,7.0,1
2021,592346,Chi Chi González,6.46,1.52,101.2,18
2021,665620,Deivi García,6.48,1.44,8.1,2
2021,502239,Trevor Cahill,6.57,1.51,37.0,8
2021,622065,Alex Young,6.58,1.77,52.0,2
2021,643615,T.J. Zeuch,6.6,2.0,15.0,3
2021,666200,Jesús Luzardo,6.61,1.62,95.1,18
2021,669211,Keegan Akin,6.63,1.58,95.0,17
2021,685503,Kohei Arihara,6.64,1.43,40.2,10
2021,670955,Edwin Uceta,6.64,1.52,20.1,1
2021,675912,Zac Lowther,6.67,1.65,29.2,6
2021,656529,Sam Hentges,6.68,1.78,68.2,12
2021,592644,Adam Plutko,6.71,1.63,56.1,1
2021,676265,Cory Abbott,6.75,1.79,17.1,1
2021,502624,Chase Anderson,6.75,1.48,48.0,9
2021,641672,Thomas Hatch,6.75,1.82,9.1,2
2021,572020,James Paxton,6.75,0.75,1.1,1
2021,649144,Alex Wells,6.75,1.62,42.2,8
2021,656954,Justus Sheffield,6.83,1.84,80.1,15
2021,664074,Cody Ponce,7.04,1.75,38.1,2
2021,641632,Conner Greene,7.11,1.74,25.1,1
2021,664045,Thomas Eshelman,7.16,1.59,27.2,6
2021,650668,Humberto Mejía,7.25,1.84,22.1,5
2021,667498,Robert Dugger,7.36,1.79,25.2,4
2021,453562,Jake Arrieta,7.39,1.77,98.2,24
2021,672282,Reid Detmers,7.4,1.79,20.2,5
2021,675921,Spencer Howard,7.43,1.61,49.2,15
2021,665152,Dean Kremer,7.55,1.64,53.2,13
2021,452027,Andrew Albers,7.58,1.74,19.0,3
2021,677976,Randy Dobnak,7.64,1.54,50.2,6
2021,571666,Mike Fiers,7.71,2.04,9.1,2
2021,663959,Tyler Ivey,7.71,1.5,4.2,1
2021,664714,Ljay Newsome,7.98,1.57,14.2,1
2021,670766,Darren McCaughan,8.0,1.33,9.0,1
2021,476594,Robert Stock,8.0,2.11,9.0,3
2021,533167,Matt Shoemaker,8.06,1.66,60.1,11
2021,657093,Spenser Watkins,8.07,1.7,54.2,10
2021,621381,Matt Strahm,8.1,2.4,6.2,1
2021,628345,Darien Núñez,8.22,1.57,7.2,1
2021,676606,Nick Margevicius,8.25,1.67,12.0,3
2021,650496,J.C. Mejía,8.25,1.61,52.1,11
2021,641703,Brent Honeywell,8.31,1.85,4.1,2
2021,592254,José De León,8.35,1.8,18.1,2
2021,664337,Miguel Yajure,8.4,1.6,15.0,3
2021,595191,Jerad Eickhoff,8.69,2.03,19.2,4
2021,605138,Wes Benjamin,8.74,2.03,22.2,2
2021,656793,Nick Nelson,8.79,2.16,14.1,2
2021,665854,Luis Oviedo,8.8,1.99,29.2,1
2021,592789,Noah Syndergaard,9.0,1.5,2.0,2
2021,571676,Seth Frankoff,9.2,1.98,14.2,3
2021,657248,Glenn Otto Jr.,9.26,1.71,23.1,6
2021,605276,David Hess,9.9,2.15,20.0,1
2021,657140,Kyle Wright,9.95,1.89,6.1,2
2021,656686,Corbin Martin,10.69,2.31,16.0,3
2021,663567,Peter Lambert,11.12,2.47,5.2,2
2021,663804,Jackson Kowar,11.27,2.08,30.1,8
2021,663372,Ryan Feltner,11.37,2.21,6.1,2
2021,641541,Jon Duplantier,13.15,2.08,13.0,4
2021,676424,Alec Bettinger,13.5,2.1,10.0,1
2021,676617,Riley O'Brien,13.5,3.75,1.1,1
2021,663366,Beau Burrows,13.91,2.36,11.0,1
2021,502748,Brad Peacock,15.19,1.69,5.1,1
2021,643327,Zack Godley,16.2,2.7,3.1,1
2021,681867,Cooper Criswell,20.25,4.5,1.1,1
2021,676710,Kutter Crawford,22.5,3.5,2.0,1
2022,630023,Yonny Chirinos,0.0,1.14,7.0,1
2022,656420,J.P. Feyereisen,0.0,0.49,24.1,2
2022,686613,Hunter Brown,0.89,1.08,20.1,2
2022,518397,Scott Alexander,1.04,0.75,17.1,4
2022,518585,Fernando Cruz,1.23,1.23,14.2,2
2022,607192,Tyler Glasnow,1.35,0.9,6.2,2
2022,669194,Ryne Nelson,1.47,0.82,18.1,3
2022,686753,Drey Jameson,1.48,1.11,24.1,4
2022,672582,Angel Zerpa,1.64,1.09,11.0,2
2022,657024,Erik Swanson,1.68,0.91,53.2,1
2022,434378,Justin Verlander,1.75,0.83,175.0,28
2022,657571,Caleb Ferguson,1.82,1.15,34.2,1
2022,668868,Zack Thompson,2.08,0.98,34.2,1
2022,664062,Tony Gonsolin,2.14,0.87,130.1,24
2022,628711,Julio Urías,2.16,0.96,175.0,31
2022,622786,Jesus Tinoco,2.18,1.06,20.2,2
2022,669713,Hayden Wesneski,2.18,0.94,33.0,4
2022,669459,Kyle Nelson,2.19,1.08,37.0,1
2022,656302,Dylan Cease,2.2,1.11,184.0,32
2022,663765,Jake Woodford,2.23,1.12,48.1,1
2022,666201,Alek Manoah,2.24,0.99,196.2,31
2022,605538,Matt Wisler,2.25,1.0,44.0,5
2022,621121,Lance McCullers Jr.,2.27,1.24,47.2,8
2022,477132,Clayton Kershaw,2.28,0.94,126.1,22
2022,663752,Cody Morris,2.28,1.39,23.2,5
2022,645261,Sandy Alcantara,2.28,0.98,228.2,32
2022,453286,Max Scherzer,2.29,0.91,145.1,23
2022,642100,Gabe Speier,2.33,1.09,19.1,1
2022,660271,Shohei Ohtani,2.33,1.01,166.0,28
2022,660593,Denyi Reyes,2.35,1.17,7.2,1
2022,622065,Alex Young,2.36,1.5,26.2,1
2022,608638,JT Chargois,2.42,0.94,22.1,3
2022,641482,Nestor Cortes,2.44,0.92,158.1,28
2022,605488,Jeffrey Springs,2.46,1.07,135.1,25
2022,608331,Max Fried,2.48,1.01,185.1,30
2022,623474,Jimmy Herget,2.48,0.91,69.0,1
2022,664123,Scott Effross,2.54,1.06,56.2,1
2022,664299,Cristian Javier,2.54,0.95,148.2,25
2022,663556,Shane McClanahan,2.54,0.93,166.1,28
2022,668678,Zac Gallen,2.54,0.91,184.0,31
2022,542881,Tyler Anderson,2.57,1.0,178.2,28
2022,503449,Wily Peralta,2.58,1.51,38.1,1
2022,642545,Jaime Barria,2.61,1.03,79.1,1
2022,675911,Spencer Strider,2.67,0.99,131.2,20
2022,681867,Cooper Criswell,2.7,0.9,3.1,1
2022,656818,Connor Overton,2.73,0.97,33.0,4
2022,625643,Reynaldo López,2.76,0.95,65.1,1
2022,656222,Jalen Beeks,2.8,1.16,61.0,7
2022,664285,Framber Valdez,2.82,1.16,201.1,31
2022,554430,Zack Wheeler,2.82,1.04,153.0,26
2022,475479,David Phelps,2.83,1.3,63.2,1
2022,656876,Drew Rasmussen,2.84,1.04,146.0,28
2022,669456,Shane Bieber,2.88,1.04,200.0,31
2022,607074,Carlos Rodón,2.88,1.03,178.0,31
2022,527048,Martín Pérez,2.89,1.26,196.1,32
2022,657277,Logan Webb,2.9,1.16,192.1,32
2022,663776,Patrick Sandoval,2.91,1.34,148.2,27
2022,541640,Erasmo Ramírez,2.92,1.08,86.1,2
2022,500779,Jose Quintana,2.93,1.21,165.2,32
2022,605397,Joe Musgrove,2.93,1.08,181.0,30
2022,646242,Jhonathan Díaz,2.93,1.5,15.1,3
2022,669203,Corbin Burnes,2.94,0.97,202.0,33
2022,622503,Nabil Crismatt,2.94,1.17,67.1,1
2022,663474,Triston McKenzie,2.96,0.95,191.1,30
2022,682171,Penn Murfee,2.99,0.95,69.1,1
2022,622491,Luis Castillo,2.99,1.08,150.1,25
2022,665795,Edward Cabrera,3.01,1.07,71.2,14
2022,548389,Ross Stripling,3.01,1.02,134.1,24
2022,666214,Joey Wentz,3.03,1.1,32.2,7
2022,605540,Brandon Woodruff,3.05,1.07,153.1,27
2022,621051,Steven Wilson,3.06,1.06,53.0,1
2022,594798,Jacob deGrom,3.08,0.75,64.1,11
2022,543243,Sonny Gray,3.08,1.13,119.2,24
2022,571760,Andrew Heaney,3.1,1.09,72.2,14
2022,506433,Yu Darvish,3.1,0.95,194.2,30
2022,592716,Adrian Sampson,3.11,1.23,104.1,19
2022,665871,Javier Assad,3.11,1.46,37.2,8
2022,657376,Clarke Schmidt,3.12,1.2,57.2,3
2022,656557,Tanner Houck,3.15,1.18,60.0,4
2022,489119,Wade Miley,3.16,1.22,37.0,8
2022,693821,Bryce Elder,3.17,1.24,54.0,9
2022,669467,Andre Pallante,3.17,1.42,108.0,10
2022,605154,John Brebbia,3.18,1.31,68.0,11
2022,519242,Chris Sale,3.18,1.06,5.2,2
2022,622663,Luis Severino,3.18,1.0,102.0,19
2022,657006,Justin Steele,3.18,1.35,119.0,24
2022,657140,Kyle Wright,3.19,1.16,180.1,30
2022,669211,Keegan Akin,3.2,1.09,81.2,1
2022,669302,Logan Gilbert,3.2,1.18,185.2,32
2022,592866,Trevor Williams,3.21,1.23,89.2,9
2022,641927,Bailey Ober,3.21,1.05,56.0,11
2022,670912,Johan Oviedo,3.21,1.29,56.0,8
2022,681806,Andrew Wantz,3.22,1.15,50.1,1
2022,663903,Brady Singer,3.23,1.14,153.1,24
2022,665152,Dean Kremer,3.23,1.25,125.1,21
2022,605400,Aaron Nola,3.25,0.96,205.0,32
2022,669424,Jimmy Lambert,3.26,1.36,47.0,2
2022,660813,Brusdar Graterol,3.26,0.99,49.2,1
2022,571945,Miles Mikolas,3.29,1.03,202.1,32
2022,571479,Andrew Bellatti,3.31,1.33,54.1,1
2022,666200,Jesús Luzardo,3.32,1.04,100.1,18
2022,608379,Michael Wacha,3.32,1.12,127.1,23
2022,592332,Kevin Gausman,3.35,1.24,174.2,31
2022,456501,Johnny Cueto,3.35,1.23,158.1,24
2022,518876,Merrill Kelly,3.37,1.14,200.1,33
2022,571710,Mychal Givens,3.38,1.32,61.1,1
2022,607644,John Means,3.38,1.25,8.0,2
2022,669212,Eli Morgan,3.38,0.89,66.2,1
2022,605483,Blake Snell,3.38,1.2,128.0,24
2022,615698,Cal Quantrill,3.38,1.21,186.1,32
2022,669923,George Kirby,3.39,1.21,130.0,25
2022,605135,Chris Bassitt,3.42,1.14,181.2,30
2022,666159,Matt Manning,3.43,1.17,63.0,12
2022,676477,Garrett Whitlock,3.45,1.02,78.1,9
2022,686752,Ryan Pepiot,3.47,1.46,36.1,7
2022,456713,Matt Bush,3.47,1.02,59.2,6
2022,607259,Nick Martinez,3.47,1.29,106.1,10
2022,592767,Drew Smyly,3.47,1.19,106.1,22
2022,656756,Jordan Montgomery,3.48,1.09,178.1,32
2022,641329,Bryan Baker,3.49,1.23,69.2,2
2022,592836,Taijuan Walker,3.49,1.19,157.1,29
2022,543037,Gerrit Cole,3.5,1.02,200.2,33
2022,573186,Marcus Stroman,3.5,1.15,138.2,25
2022,669373,Tarik Skubal,3.52,1.16,117.2,21
2022,650530,Bryan Garcia,3.54,1.18,20.1,4
2022,656629,Michael Kopech,3.54,1.19,119.1,25
2022,657746,Joe Ryan,3.55,1.1,147.0,27
2022,542947,Richard Bleier,3.55,1.44,50.2,1
2022,642547,Freddy Peralta,3.58,1.04,78.0,17
2022,666129,Braxton Garrett,3.58,1.25,88.0,17
2022,663734,Nick Neidert,3.6,1.0,5.0,1
2022,680573,Simeon Woods Richardson,3.6,1.0,5.0,1
2022,593334,Domingo Germán,3.61,1.16,72.1,14
2022,669674,Sam Long,3.61,1.25,42.1,6
2022,624133,Ranger Suarez,3.65,1.33,155.1,29
2022,666157,Nick Lodolo,3.66,1.25,103.1,19
2022,425844,Zack Greinke,3.68,1.34,137.0,26
2022,641778,Eric Lauer,3.69,1.22,158.2,29
2022,623451,Jackson Stephens,3.69,1.34,53.2,1
2022,425794,Adam Wainwright,3.71,1.28,191.2,32
2022,656970,Devin Smeltzer,3.71,1.22,70.1,12
2022,592662,Robbie Ray,3.71,1.19,189.0,32
2022,677651,Luis Garcia,3.72,1.13,157.1,28
2022,623167,Chris Flexen,3.73,1.33,137.2,22
2022,502171,Alex Cobb,3.73,1.3,149.2,28
2022,641154,Pablo López,3.75,1.17,180.0,32
2022,624522,Keegan Thompson,3.76,1.27,115.0,17
2022,445926,Jesse Chavez,3.76,1.31,69.1,1
2022,672282,Reid Detmers,3.77,1.21,129.0,25
2022,672710,Roansy Contreras,3.79,1.27,95.0,18
2022,686973,Louis Varland,3.81,1.23,26.0,5
2022,656546,Jeff Hoffman,3.83,1.41,44.2,1
2022,656849,David Peterson,3.83,1.33,105.2,19
2022,663559,Bailey Falter,3.86,1.21,84.0,16
2022,547001,Cody Poteet,3.86,1.21,28.0,2
2022,676664,JP Sears,3.86,1.29,70.0,11
2022,656954,Justus Sheffield,3.86,1.29,11.2,1
2022,543135,Nathan Eovaldi,3.87,1.23,109.1,20
2022,663455,Konnor Pilkington,3.88,1.47,58.0,11
2022,656605,Mitch Keller,3.91,1.4,159.0,29
2022,592791,Jameson Taillon,3.91,1.13,177.1,32
2022,592789,Noah Syndergaard,3.94,1.25,134.2,24
2022,664353,José Urquidy,3.94,1.17,164.1,28
2022,663753,Reiss Knehr,3.95,1.1,13.2,1
2022,592351,Jon Gray,3.96,1.13,127.1,24
2022,660761,José Suarez,3.96,1.25,109.0,20
2022,471911,Carlos Carrasco,3.97,1.33,152.0,29
2022,608344,Cole Irvin,3.98,1.16,181.0,30
2022,643410,Mark Leiter Jr.,3.99,1.14,67.2,4
2022,458681,Lance Lynn,3.99,1.13,121.2,21
2022,676684,Will Vest,4.0,1.33,63.0,2
2022,621111,Walker Buehler,4.02,1.29,65.0,12
2022,682051,Garrett Hill,4.03,1.36,60.1,8
2022,663978,Chris Paddack,4.03,1.21,22.1,5
2022,641447,Daniel Castano,4.04,1.43,35.2,7
2022,621107,Zach Eflin,4.04,1.12,75.2,13
2022,593423,Frankie Montas,4.05,1.25,144.1,27
2022,593958,Eduardo Rodriguez,4.05,1.33,91.0,17
2022,605200,Zach Davies,4.09,1.3,134.1,27
2022,592761,Caleb Smith,4.11,1.37,70.0,1
2022,594835,Marco Gonzales,4.13,1.33,183.0,32
2022,656685,Brett Martin,4.14,1.36,50.0,1
2022,681885,Evan Lee,4.15,1.85,8.2,1
2022,689225,Beau Brieske,4.19,1.2,81.2,15
2022,670046,Kenny Rosenberg,4.22,1.41,10.2,1
2022,643493,Austin Pruitt,4.23,1.03,55.1,1
2022,621076,James Kaprielian,4.23,1.34,134.0,26
2022,547179,Michael Lorenzen,4.24,1.28,97.2,18
2022,656427,Jack Flaherty,4.25,1.61,36.0,8
2022,669330,Tyler Wells,4.25,1.14,103.2,23
2022,608717,Chris Stratton,4.26,1.53,63.1,1
2022,448179,Rich Hill,4.27,1.3,124.1,26
2022,434671,Aníbal Sánchez,4.28,1.27,69.1,14
2022,621112,Paul Blackburn,4.28,1.26,111.1,21
2022,668676,Zach Plesac,4.31,1.32,131.2,24
2022,667297,Tommy Nance,4.33,1.51,43.2,2
2022,605182,Mike Clevinger,4.33,1.2,114.1,22
2022,446372,Corey Kluber,4.34,1.21,164.0,31
2022,608723,Austin Voth,4.34,1.4,101.2,17
2022,450203,Charlie Morton,4.34,1.23,172.0,31
2022,542888,Shawn Armstrong,4.38,1.35,61.2,3
2022,640444,Wil Crowe,4.38,1.39,76.0,1
2022,621249,Duane Underwood Jr.,4.4,1.43,57.1,1
2022,641816,Tyler Mahle,4.4,1.22,120.2,23
2022,543606,Jake Odorizzi,4.4,1.33,106.1,22
2022,661440,Mauricio Llovera,4.41,1.35,16.1,1
2022,665621,Rony García,4.41,1.04,51.0,8
2022,596001,Jakob Junis,4.42,1.29,112.0,17
2022,543475,Jordan Lyles,4.42,1.39,179.0,32
2022,489334,Craig Stammen,4.43,1.35,40.2,1
2022,668881,Hunter Greene,4.44,1.21,125.2,24
2022,666374,Matt Brash,4.44,1.56,50.2,5
2022,676879,Aaron Ashby,4.44,1.43,107.1,19
2022,641712,Dakota Hudson,4.45,1.45,139.2,26
2022,641540,Dane Dunning,4.46,1.43,153.1,29
2022,669022,MacKenzie Gore,4.5,1.47,70.0,13
2022,669160,Dustin May,4.5,1.17,30.0,6
2022,682847,Luis Ortiz,4.5,1.13,16.0,4
2022,642232,Ryan Yarbrough,4.5,1.38,80.0,9
2022,571800,Drew Hutchison,4.53,1.48,105.1,18
2022,607536,Kyle Freeland,4.53,1.41,174.2,31
2022,668948,Kirk McCarty,4.54,1.33,37.2,2
2022,502042,Chris Archer,4.56,1.31,102.2,25
2022,601713,Nick Pivetta,4.56,1.38,179.2,33
2022,570666,Luis Cessa,4.57,1.29,80.2,10
2022,596071,Dillon Peters,4.58,1.32,39.1,4
2022,675627,Michael Grove,4.6,1.43,29.1,6
2022,657053,Touki Toussaint,4.62,1.34,25.1,2
2022,657248,Glenn Otto Jr.,4.64,1.33,135.2,27
2022,664141,JT Brubaker,4.69,1.47,144.0,28
2022,657093,Spenser Watkins,4.7,1.41,105.1,20
2022,680739,Josh Winder,4.7,1.3,67.0,11
2022,678394,Brayan Bello,4.71,1.78,57.1,11
2022,657508,Mike Baumann,4.72,1.51,34.1,4
2022,605288,Adrian Houser,4.73,1.46,102.2,21
2022,592826,Vince Velasquez,4.78,1.23,75.1,9
2022,676050,Packy Naughton,4.78,1.44,32.0,3
2022,543294,Kyle Hendricks,4.8,1.29,84.1,16
2022,641302,Tyler Alexander,4.81,1.32,101.0,17
2022,663436,Davis Martin,4.83,1.29,63.1,9
2022,656686,Corbin Martin,4.84,1.66,22.1,2
2022,663855,Jordan Hicks,4.84,1.32,61.1,8
2022,502179,Paolo Espino,4.84,1.37,113.1,19
2022,656793,Nick Nelson,4.85,1.49,68.2,2
2022,518516,Madison Bumgarner,4.88,1.44,158.2,30
2022,668933,Graham Ashcraft,4.89,1.42,105.0,19
2022,605164,Dylan Bundy,4.89,1.28,140.0,29
2022,680694,Kyle Bradish,4.9,1.4,117.2,23
2022,608337,Lucas Giolito,4.9,1.44,161.2,30
2022,650644,Aaron Civale,4.92,1.19,97.0,20
2022,686610,Ken Waldichuk,4.93,1.21,34.2,7
2022,666142,Cole Ragans,4.95,1.48,40.0,9
2022,608566,Germán Márquez,4.95,1.37,181.2,31
2022,640455,Sean Manaea,4.96,1.3,158.0,28
2022,666120,Ian Anderson,5.0,1.51,111.2,22
2022,669358,Shane Baz,5.0,1.33,27.0,6
2022,570632,José Ureña,5.01,1.57,97.0,17
2022,680686,Josiah Gray,5.02,1.36,148.2,28
2022,664161,Matt Swarmer,5.03,1.56,34.0,5
2022,502043,Kyle Gibson,5.05,1.34,167.2,31
2022,622608,Antonio Senzatela,5.07,1.69,92.1,19
2022,641745,Brad Keller,5.09,1.5,139.2,22
2022,622072,Alex Wood,5.1,1.24,130.2,26
2022,663738,Daniel Lynch IV,5.13,1.57,131.2,27
2022,642028,Josh Rogers,5.13,1.33,26.1,3
2022,621368,Taylor Hearn,5.13,1.5,100.0,13
2022,656731,Tylor Megill,5.13,1.25,47.1,9
2022,595881,Tyler Beede,5.14,1.63,61.1,5
2022,596043,Daniel Mengden,5.14,1.57,7.0,1
2022,676194,Jackson Tetreault,5.14,1.57,21.0,4
2022,605507,Zach Thompson,5.18,1.51,121.2,22
2022,579328,Yusei Kikuchi,5.19,1.5,100.2,20
2022,596057,Daniel Norris,5.22,1.26,58.2,3
2022,642701,Dennis Santana,5.22,1.33,58.2,1
2022,621244,José Berríos,5.23,1.42,172.0,32
2022,656457,Tyler Gilbert,5.24,1.25,34.1,7
2022,676265,Cory Abbott,5.25,1.44,48.0,9
2022,571927,Steven Matz,5.25,1.25,48.0,10
2022,572070,Garrett Richards,5.27,1.34,42.2,2
2022,669169,Jonathan Heasley,5.28,1.49,104.0,21
2022,670950,Trevor Richards,5.34,1.44,64.0,4
2022,674072,Tommy Henry,5.36,1.45,47.0,9
2022,669920,Jason Alexander,5.4,1.62,71.2,11
2022,608652,Luke Farrell,5.4,1.67,15.0,2
2022,663554,Casey Mize,5.4,1.5,10.0,2
2022,664294,Dauri Moreta,5.4,1.17,38.1,1
2022,543766,Bryan Shaw,5.4,1.44,58.1,2
2022,669952,Mitch White,5.45,1.46,99.0,18
2022,669432,Trevor Rogers,5.47,1.5,107.0,23
2022,676710,Kutter Crawford,5.47,1.42,77.1,12
2022,669060,Bryse Wilson,5.52,1.42,115.2,20
2022,656412,Alex Faedo,5.53,1.64,53.2,12
2022,596295,Austin Gomber,5.56,1.37,124.2,17
2022,663460,Kris Bubic,5.58,1.7,129.0,27
2022,650911,Cristopher Sánchez,5.63,1.38,40.0,3
2022,547943,Hyun Jin Ryu,5.67,1.33,27.0,6
2022,528748,Humberto Castellanos,5.68,1.4,44.1,9
2022,594577,Mike Mayers,5.68,1.38,50.2,3
2022,641771,Chad Kuhl,5.72,1.55,137.0,27
2022,641726,Daulton Jefferies,5.72,1.37,39.1,8
2022,657649,Jared Koenig,5.72,1.4,39.1,5
2022,675540,Xzavion Curry,5.79,2.04,9.1,2
2022,656354,Austin Davis,5.79,1.61,56.0,3
2022,501381,Michael Pineda,5.79,1.41,46.2,11
2022,607200,Erick Fedde,5.81,1.63,127.0,27
2022,663372,Ryan Feltner,5.83,1.41,97.1,19
2022,592346,Chi Chi González,5.87,1.52,23.0,5
2022,663485,Cole Sands,5.87,1.57,30.2,3
2022,670174,Josh Winckowski,5.89,1.59,70.1,14
2022,621389,Ty Blach,5.89,1.4,44.1,1
2022,669084,DL Hall,5.93,1.68,13.2,1
2022,666721,Max Castillo,5.95,1.35,39.1,6
2022,669461,Matthew Liberatore,5.97,1.73,34.2,7
2022,669145,Bruce Zimmermann,5.99,1.48,73.2,13
2022,501985,Mike Minor,6.06,1.63,98.0,19
2022,523260,Joe Kelly,6.08,1.59,37.0,1
2022,643290,Justin Dunn,6.1,1.58,31.0,7
2022,667498,Robert Dugger,6.19,1.63,16.0,1
2022,661309,Adrián Martinez,6.24,1.53,57.2,12
2022,670124,Adam Oller,6.3,1.63,74.1,14
2022,571578,Patrick Corbin,6.31,1.7,152.2,31
2022,665665,Reiver Sanmartin,6.32,1.67,57.0,4
2022,622694,Elieser Hernández,6.35,1.43,62.1,10
2022,502624,Chase Anderson,6.38,1.33,24.0,7
2022,676596,Josh Fleming,6.43,1.89,35.0,3
2022,622250,Josh Sborz,6.45,1.61,22.1,1
2022,676083,Janson Junk,6.48,1.56,8.1,2
2022,596133,Luke Weaver,6.56,1.82,35.2,1
2022,681217,Chase Silseth,6.59,1.57,28.2,7
2022,592717,Aaron Sanchez,6.6,1.55,60.0,10
2022,543101,Anthony DeSclafani,6.63,2.0,19.0,5
2022,607455,Anthony Banda,6.75,2.1,26.2,1
2022,656353,Tucker Davidson,6.75,1.71,52.0,11
2022,657240,Julian Merryweather,6.75,1.43,26.2,1
2022,656657,Zach Logue,6.79,1.54,57.0,10
2022,672851,Joan Adon,7.1,1.78,64.2,14
2022,663629,Ethan Small,7.11,2.53,6.1,2
2022,663378,Thomas Szapucki,7.2,1.73,15.0,1
2022,672578,Carlos Hernández,7.39,1.84,56.0,7
2022,675921,Spencer Howard,7.41,1.73,37.2,8
2022,676974,Max Meyer,7.5,1.5,6.0,2
2022,661269,Vladimir Gutierrez,7.61,1.91,36.2,8
2022,666205,Kyle Muller,8.03,1.7,12.1,3
2022,672715,Luis Patiño,8.1,1.95,20.0,6
2022,642231,Jimmy Yacabonis,8.36,2.14,14.0,1
2022,656794,Sean Newcomb,8.78,1.88,27.2,1
2022,664337,Miguel Yajure,8.88,1.93,24.1,1
2022,661563,Luis Gil,9.0,1.75,4.0,1
2022,572971,Dallas Keuchel,9.2,2.06,60.2,14
2022,685503,Kohei Arihara,9.45,2.35,20.0,4
2022,621219,Alec Mills,9.68,1.75,17.2,2
2022,677960,Ryan Weathers,9.82,2.73,3.2,1
2022,668873,Caleb Kilian,10.32,2.03,11.1,3
2022,595939,Chris Ellis,10.38,2.54,4.1,2
2022,660730,Elvin Rodríguez,10.62,1.92,29.2,5
2022,676720,Tommy Romero,10.8,2.4,8.1,2
2022,668338,Tyson Miller,10.97,2.25,10.2,2
2022,657756,Connor Seabold,11.29,2.35,18.1,5
2022,663773,Bryan Hoeing,12.08,1.89,12.2,1
2022,544931,Stephen Strasburg,13.5,2.14,4.2,1
2022,660623,Huascar Ynoa,13.5,2.55,6.2,2
2022,676917,Cade Cavalli,14.54,1.85,4.1,1
2022,643615,T.J. Zeuch,15.19,2.91,10.2,3
2022,676130,José Buttó,15.75,2.75,4.0,1
2022,683769,Hunter Gaddis,18.41,2.45,7.1,2
2022,641672,Thomas Hatch,19.29,3.0,4.2,1
2022,595191,Jerad Eickhoff,20.77,2.54,4.1,1
2023,668834,Easton McGee,0.0,0.3,6.2,1
2023,605488,Jeffrey Springs,0.56,0.5,16.0,3
2023,622766,Miguel Díaz,0.64,0.93,14.0,3
2023,660813,Brusdar Graterol,1.2,0.97,67.1,1
2023,542888,Shawn Armstrong,1.38,0.9,52.0,6
2023,445926,Jesse Chavez,1.56,1.1,34.2,1
2023,622088,Tejay Antone,1.59,0.88,5.2,1
2023,671212,Joe Boyle,1.69,0.81,16.0,3
2023,571946,Shelby Miller,1.71,0.9,42.0,1
2023,543548,Tommy Milone,2.0,1.44,9.0,2
2023,663423,Trent Thornton,2.01,1.15,31.1,1
2023,663947,Tyler Holton,2.11,0.87,85.1,1
2023,686752,Ryan Pepiot,2.14,0.76,42.0,3
2023,669387,Carmen Mlodzinski,2.25,1.28,36.0,1
2023,605483,Blake Snell,2.25,1.19,180.0,32
2023,605540,Brandon Woodruff,2.28,0.82,67.0,11
2023,621366,Ryan Borucki,2.45,0.74,40.1,2
2023,477132,Clayton Kershaw,2.46,1.06,131.2,24
2023,608331,Max Fried,2.55,1.13,77.2,14
2023,656876,Drew Rasmussen,2.62,1.05,44.2,8
2023,669160,Dustin May,2.63,0.94,48.0,9
2023,543037,Gerrit Cole,2.63,0.98,209.0,33
2023,641656,Ian Hamilton,2.64,1.22,58.0,3
2023,607644,John Means,2.66,0.72,23.2,4
2023,594798,Jacob deGrom,2.67,0.76,30.1,6
2023,608334,Carson Fulmer,2.7,1.0,10.0,1
2023,687830,Sawyer Gipson-Long,2.7,1.1,20.0,4
2023,650633,Michael King,2.75,1.15,104.2,9
2023,543243,Sonny Gray,2.79,1.15,184.0,32
2023,669373,Tarik Skubal,2.8,0.9,80.1,15
2023,680694,Kyle Bradish,2.83,1.04,168.2,30
2023,681190,Randy Vásquez,2.87,1.27,37.2,5
2023,670174,Josh Winckowski,2.88,1.42,84.1,1
2023,664192,Joey Lucchesi,2.89,1.31,46.2,9
2023,673540,Kodai Senga,2.98,1.22,166.1,29
2023,676440,Tanner Bibee,2.98,1.18,142.0,25
2023,643493,Austin Pruitt,2.98,1.16,48.1,6
2023,676684,Will Vest,2.98,1.1,48.1,4
2023,641941,Emilio Pagán,2.99,0.95,69.1,1
2023,680742,Jonathan Bowlan,3.0,1.67,3.0,1
2023,656794,Sean Newcomb,3.0,1.13,15.0,2
2023,594580,Sam Moll,3.03,1.24,62.1,1
2023,686826,Bryce Jarvis,3.04,0.97,23.2,1
2023,665871,Javier Assad,3.05,1.23,109.1,10
2023,605397,Joe Musgrove,3.05,1.14,97.1,17
2023,657006,Justin Steele,3.06,1.17,173.1,30
2023,660271,Shohei Ohtani,3.14,1.06,132.0,23
2023,489119,Wade Miley,3.14,1.14,120.1,23
2023,691587,Eury Pérez,3.15,1.13,91.1,19
2023,641816,Tyler Mahle,3.16,1.05,25.2,5
2023,592332,Kevin Gausman,3.16,1.18,185.0,31
2023,656756,Jordan Montgomery,3.2,1.19,188.2,32
2023,657514,Brennan Bernardino,3.2,1.3,50.2,6
2023,434378,Justin Verlander,3.22,1.13,162.1,27
2023,608379,Michael Wacha,3.22,1.16,134.1,24
2023,658648,Pedro Avila,3.22,1.35,50.1,6
2023,676254,Ryan Walker,3.23,1.39,61.1,13
2023,657277,Logan Webb,3.25,1.07,216.0,33
2023,621381,Matt Strahm,3.29,1.02,87.2,10
2023,663556,Shane McClanahan,3.29,1.18,115.0,21
2023,518876,Merrill Kelly,3.29,1.19,177.2,30
2023,668909,Gavin Williams,3.29,1.26,82.0,16
2023,593958,Eduardo Rodriguez,3.3,1.15,152.2,26
2023,686753,Drey Jameson,3.32,1.43,40.2,3
2023,622491,Luis Castillo,3.34,1.1,197.0,33
2023,669923,George Kirby,3.35,1.04,190.2,31
2023,608718,Brent Suter,3.38,1.3,69.1,2
2023,669203,Corbin Burnes,3.39,1.07,193.2,32
2023,607259,Nick Martinez,3.43,1.26,110.1,9
2023,641927,Bailey Ober,3.43,1.07,144.1,26
2023,657571,Caleb Ferguson,3.43,1.44,60.1,7
2023,650911,Cristopher Sánchez,3.44,1.05,99.1,18
2023,664285,Framber Valdez,3.45,1.13,198.0,31
2023,650644,Aaron Civale,3.46,1.16,122.1,23
2023,547943,Hyun Jin Ryu,3.46,1.29,52.0,11
2023,666142,Cole Ragans,3.47,1.16,96.0,12
2023,668678,Zac Gallen,3.47,1.12,210.0,34
2023,666204,Dany Jiménez,3.47,1.07,23.1,1
2023,621107,Zach Eflin,3.5,1.02,177.2,31
2023,607192,Tyler Glasnow,3.53,1.08,120.0,21
2023,607625,Seth Lugo,3.57,1.2,146.1,26
2023,500779,Jose Quintana,3.57,1.31,75.2,13
2023,666200,Jesús Luzardo,3.58,1.21,178.2,32
2023,666159,Matt Manning,3.58,1.04,78.0,15
2023,605135,Chris Bassitt,3.6,1.18,200.0,33
2023,689225,Beau Brieske,3.6,1.37,35.0,1
2023,571882,Derek Law,3.6,1.38,55.0,3
2023,554430,Zack Wheeler,3.61,1.08,192.0,32
2023,608638,JT Chargois,3.61,1.25,42.1,5
2023,543135,Nathan Eovaldi,3.63,1.14,144.0,25
2023,656730,Trevor Megill,3.63,1.36,34.2,2
2023,450203,Charlie Morton,3.64,1.43,163.1,30
2023,669330,Tyler Wells,3.64,0.99,118.2,20
2023,676130,José Buttó,3.64,1.33,42.0,7
2023,621244,José Berríos,3.65,1.19,189.2,32
2023,666129,Braxton Garrett,3.66,1.15,159.2,30
2023,641154,Pablo López,3.66,1.15,194.0,32
2023,641540,Dane Dunning,3.7,1.26,172.2,26
2023,669302,Logan Gilbert,3.73,1.08,190.2,32
2023,543294,Kyle Hendricks,3.74,1.2,137.0,24
2023,676272,Bobby Miller,3.76,1.1,124.1,22
2023,592229,Dylan Covey,3.77,1.51,43.0,1
2023,605182,Mike Clevinger,3.77,1.23,131.1,24
2023,453286,Max Scherzer,3.77,1.12,152.2,27
2023,695243,Mason Miller,3.78,1.2,33.1,6
2023,669456,Shane Bieber,3.8,1.23,128.0,21
2023,671106,Logan Allen,3.81,1.4,125.1,24
2023,666277,George Soriano,3.81,1.33,52.0,1
2023,693821,Bryce Elder,3.81,1.28,174.2,31
2023,670046,Kenny Rosenberg,3.82,1.48,33.0,3
2023,656232,Brandon Bielak,3.83,1.53,80.0,13
2023,641585,J.P. France,3.83,1.36,136.1,23
2023,622772,Jimmy Cordero,3.86,1.07,32.2,1
2023,571927,Steven Matz,3.86,1.33,105.0,17
2023,642547,Freddy Peralta,3.86,1.12,165.2,30
2023,670167,John Schreiber,3.86,1.41,46.2,2
2023,675911,Spencer Strider,3.86,1.09,186.2,32
2023,592826,Vince Velasquez,3.86,1.31,37.1,8
2023,579328,Yusei Kikuchi,3.86,1.27,167.2,32
2023,502171,Alex Cobb,3.87,1.32,151.1,28
2023,671096,Andrew Abbott,3.87,1.32,109.1,21
2023,596001,Jakob Junis,3.87,1.29,86.0,4
2023,681806,Andrew Wantz,3.89,1.09,39.1,3
2023,680686,Josiah Gray,3.91,1.46,159.0,30
2023,663941,Tristan Beck,3.92,1.22,85.0,3
2023,663460,Kris Bubic,3.94,1.31,16.0,3
2023,573186,Marcus Stroman,3.95,1.26,136.2,25
2023,681217,Chase Silseth,3.96,1.28,52.1,8
2023,670241,Darius Vines,3.98,1.08,20.1,2
2023,605154,John Brebbia,3.99,1.17,38.1,10
2023,681857,Reese Olson,3.99,1.12,103.2,18
2023,621016,Jose Cuas,3.99,1.5,65.1,2
2023,677651,Luis Garcia,4.0,1.3,27.0,6
2023,669432,Trevor Rogers,4.0,1.22,18.0,4
2023,624647,Victor González,4.01,1.1,33.2,1
2023,641401,Connor Brogdon,4.03,1.45,29.0,1
2023,676710,Kutter Crawford,4.04,1.11,129.1,23
2023,601713,Nick Pivetta,4.04,1.12,142.2,16
2023,675540,Xzavion Curry,4.07,1.35,95.0,9
2023,641672,Thomas Hatch,4.08,1.57,28.2,2
2023,641793,Zack Littell,4.1,1.18,90.0,14
2023,663776,Patrick Sandoval,4.11,1.51,144.2,28
2023,665152,Dean Kremer,4.12,1.31,172.2,32
2023,592351,Jon Gray,4.12,1.29,157.1,29
2023,605288,Adrian Houser,4.12,1.39,111.1,21
2023,645261,Sandy Alcantara,4.14,1.21,184.2,28
2023,674072,Tommy Henry,4.15,1.36,89.0,16
2023,690986,Kyle Harrison,4.15,1.15,34.2,7
2023,571760,Andrew Heaney,4.15,1.38,147.1,28
2023,624133,Ranger Suarez,4.18,1.42,125.0,22
2023,547179,Michael Lorenzen,4.18,1.21,153.0,25
2023,669459,Kyle Nelson,4.18,1.3,56.0,2
2023,669276,Dylan Lee,4.18,1.35,23.2,1
2023,693433,Bryan Woo,4.21,1.21,87.2,18
2023,656605,Mitch Keller,4.21,1.25,194.1,32
2023,628317,Kenta Maeda,4.23,1.17,104.1,20
2023,678394,Brayan Bello,4.24,1.34,157.0,28
2023,665795,Edward Cabrera,4.24,1.44,99.2,20
2023,700363,AJ Smith-Shawver,4.26,1.11,25.1,5
2023,666745,Jhony Brito,4.28,1.22,90.1,13
2023,543521,Collin McHugh,4.3,1.57,58.2,1
2023,519242,Chris Sale,4.3,1.13,102.2,20
2023,670912,Johan Oviedo,4.31,1.37,177.2,32
2023,682243,Bryce Miller,4.32,1.14,131.1,25
2023,656288,Griffin Canning,4.32,1.24,127.0,22
2023,622072,Alex Wood,4.33,1.43,97.2,12
2023,656234,Jake Bird,4.33,1.35,89.1,3
2023,677944,Slade Cecconi,4.33,1.15,27.0,4
2023,681911,Alex Vesia,4.35,1.39,49.2,1
2023,680570,Grayson Rodriguez,4.35,1.34,122.0,23
2023,663362,Matt Waldron,4.35,1.23,41.1,6
2023,682052,Jacob Lopez,4.38,1.3,12.1,1
2023,592836,Taijuan Walker,4.38,1.31,172.2,31
2023,527054,Julio Teheran,4.4,1.13,71.2,11
2023,696136,Jordan Wicks,4.41,1.27,34.2,7
2023,605242,Michael Fulmer,4.42,1.33,57.0,1
2023,608344,Cole Irvin,4.42,1.28,77.1,12
2023,669022,MacKenzie Gore,4.42,1.4,136.1,27
2023,621383,Tanner Banks,4.43,1.23,61.0,3
2023,621112,Paul Blackburn,4.43,1.54,103.2,20
2023,640455,Sean Manaea,4.44,1.24,117.2,10
2023,527048,Martín Pérez,4.45,1.4,141.2,20
2023,595345,Steven Okert,4.45,1.26,58.2,2
2023,656412,Alex Faedo,4.45,1.05,64.2,12
2023,605400,Aaron Nola,4.46,1.15,193.2,32
2023,682227,Brandon Williamson,4.46,1.28,117.0,23
2023,668868,Zack Thompson,4.48,1.42,66.1,9
2023,672282,Reid Detmers,4.48,1.35,148.2,28
2023,641302,Tyler Alexander,4.5,1.11,44.0,1
2023,669854,Ronel Blanco,4.5,1.48,52.0,7
2023,683769,Hunter Gaddis,4.5,1.31,42.0,7
2023,676106,Emerson Hancock,4.5,1.33,12.0,3
2023,572020,James Paxton,4.5,1.31,96.0,19
2023,657746,Joe Ryan,4.51,1.17,161.2,29
2023,642232,Ryan Yarbrough,4.52,1.23,89.2,9
2023,680735,Austin Cox,4.54,1.26,35.2,3
2023,676664,JP Sears,4.54,1.26,172.1,32
2023,607067,Colin Rea,4.55,1.19,124.2,22
2023,506433,Yu Darvish,4.56,1.3,136.1,24
2023,593334,Domingo Germán,4.56,1.08,108.2,19
2023,664299,Cristian Javier,4.56,1.27,162.0,31
2023,641745,Brad Keller,4.57,1.92,45.1,9
2023,672715,Luis Patiño,4.57,1.62,21.2,1
2023,656302,Dylan Cease,4.58,1.42,177.0,33
2023,628711,Julio Urías,4.6,1.16,117.1,21
2023,663623,Jake Irvin,4.61,1.42,121.0,24
2023,573009,Joe Mantiply,4.62,1.13,39.0,3
2023,663704,James McArthur,4.63,0.94,23.1,2
2023,686973,Louis Varland,4.63,1.22,68.0,10
2023,669713,Hayden Wesneski,4.63,1.28,89.1,11
2023,657376,Clarke Schmidt,4.64,1.35,159.0,32
2023,663738,Daniel Lynch IV,4.64,1.26,52.1,9
2023,518397,Scott Alexander,4.66,1.37,48.1,8
2023,623474,Jimmy Herget,4.66,1.41,29.0,1
2023,592254,José De León,4.67,1.21,17.1,1
2023,676775,Keaton Winn,4.68,1.04,42.1,5
2023,622608,Antonio Senzatela,4.7,1.17,7.2,2
2023,656731,Tylor Megill,4.7,1.58,126.1,25
2023,676596,Josh Fleming,4.7,1.45,51.2,3
2023,502043,Kyle Gibson,4.73,1.32,192.0,33
2023,543518,Scott McGough,4.73,1.28,70.1,1
2023,661309,Adrián Martinez,4.75,1.42,55.0,1
2023,668933,Graham Ashcraft,4.76,1.37,145.2,26
2023,682847,Luis Ortiz,4.78,1.7,86.2,15
2023,571945,Miles Mikolas,4.78,1.32,201.1,35
2023,642239,Rob Zastryzny,4.79,1.79,20.2,1
2023,668881,Hunter Greene,4.82,1.42,112.0,22
2023,592791,Jameson Taillon,4.84,1.28,154.1,29
2023,672582,Angel Zerpa,4.85,1.27,42.2,3
2023,676092,Collin Snider,4.87,1.82,20.1,1
2023,543101,Anthony DeSclafani,4.88,1.25,99.2,18
2023,608337,Lucas Giolito,4.88,1.31,184.1,33
2023,518585,Fernando Cruz,4.91,1.21,66.0,2
2023,676083,Janson Junk,4.91,1.36,7.1,1
2023,676206,Freddy Tarnok,4.91,1.5,14.2,1
2023,686218,Emmet Sheehan,4.92,1.19,60.1,11
2023,608566,Germán Márquez,4.95,1.1,20.0,4
2023,670950,Trevor Richards,4.95,1.35,72.2,3
2023,657053,Touki Toussaint,4.97,1.45,87.0,16
2023,641482,Nestor Cortes,4.97,1.25,63.1,12
2023,674444,Steven Cruz,4.97,1.74,12.2,4
2023,641712,Dakota Hudson,4.98,1.5,81.1,12
2023,664062,Tony Gonsolin,4.98,1.22,103.0,20
2023,656427,Jack Flaherty,4.99,1.58,144.1,27
2023,656578,Andre Jackson,4.99,1.21,61.1,7
2023,592767,Drew Smyly,5.0,1.43,142.1,23
2023,656557,Tanner Houck,5.01,1.37,106.0,21
2023,656849,David Peterson,5.03,1.57,111.0,21
2023,607536,Kyle Freeland,5.03,1.47,155.2,29
2023,425844,Zack Greinke,5.06,1.27,142.1,27
2023,682175,Joe Jacques,5.06,1.58,26.2,1
2023,663474,Triston McKenzie,5.06,1.56,16.0,4
2023,686613,Hunter Brown,5.09,1.36,155.2,29
2023,686839,Brendan White,5.09,1.35,40.2,2
2023,571863,Matt Koch,5.12,1.29,38.2,1
2023,676477,Garrett Whitlock,5.15,1.33,71.2,10
2023,685410,Peyton Battenfield,5.19,1.33,34.2,6
2023,571578,Patrick Corbin,5.2,1.48,180.0,32
2023,594835,Marco Gonzales,5.22,1.46,50.0,10
2023,615698,Cal Quantrill,5.24,1.46,99.2,19
2023,669461,Matthew Liberatore,5.25,1.48,61.2,11
2023,669424,Jimmy Lambert,5.26,1.62,37.2,1
2023,672578,Carlos Hernández,5.27,1.33,70.0,4
2023,664353,José Urquidy,5.29,1.43,63.0,10
2023,642216,Allan Winans,5.29,1.39,32.1,6
2023,669947,Jesse Scholtens,5.29,1.53,85.0,11
2023,674003,Cody Bradford,5.3,1.21,56.0,8
2023,669194,Ryne Nelson,5.31,1.42,144.0,27
2023,663559,Bailey Falter,5.36,1.41,80.2,14
2023,663567,Peter Lambert,5.36,1.39,87.1,11
2023,548389,Ross Stripling,5.36,1.35,89.0,11
2023,686610,Ken Waldichuk,5.36,1.56,141.0,22
2023,594902,Ben Lively,5.38,1.36,88.2,12
2023,630023,Yonny Chirinos,5.4,1.39,85.0,9
2023,622251,Josh Staumont,5.4,1.45,20.0,1
2023,680232,Jackson Wolf,5.4,1.4,5.0,1
2023,448179,Rich Hill,5.41,1.52,146.1,27
2023,665622,Luis Medina,5.42,1.51,109.2,17
2023,502624,Chase Anderson,5.42,1.42,86.1,17
2023,542881,Tyler Anderson,5.43,1.49,141.0,25
2023,656629,Michael Kopech,5.43,1.59,129.1,27
2023,571510,Matthew Boyd,5.45,1.32,71.0,15
2023,669438,Mason Englert,5.46,1.5,56.0,1
2023,663773,Bryan Hoeing,5.48,1.36,70.2,7
2023,598264,Matt Barnes,5.48,1.64,21.1,1
2023,596295,Austin Gomber,5.5,1.49,139.0,27
2023,663903,Brady Singer,5.52,1.45,159.2,29
2023,621389,Ty Blach,5.54,1.64,78.0,13
2023,592866,Trevor Williams,5.55,1.6,144.1,30
2023,671737,Taj Bradley,5.59,1.39,104.2,21
2023,669674,Sam Long,5.6,1.56,45.0,1
2023,605463,Tayler Scott,5.6,1.87,17.2,2
2023,642545,Jaime Barria,5.68,1.47,82.1,6
2023,679525,Alec Marsh,5.69,1.56,74.1,8
2023,694297,Brandon Pfaadt,5.72,1.41,96.0,18
2023,458681,Lance Lynn,5.73,1.39,183.2,32
2023,694363,Jared Shuster,5.81,1.5,52.2,11
2023,663372,Ryan Feltner,5.82,1.68,43.1,10
2023,674370,Osvaldo Bido,5.86,1.5,50.2,9
2023,665001,Trevor Kelley,5.87,1.43,15.1,3
2023,666201,Alek Manoah,5.87,1.74,87.1,19
2023,614179,José Ruiz,5.89,1.65,44.1,1
2023,660906,Francisco Pérez,5.94,1.5,16.2,1
2023,664199,Taylor Clarke,5.95,1.61,59.0,2
2023,656222,Jalen Beeks,5.95,1.49,42.1,8
2023,656353,Tucker Davidson,5.96,1.62,51.1,1
2023,572971,Dallas Keuchel,5.97,1.67,37.2,6
2023,456501,Johnny Cueto,6.02,1.26,52.1,10
2023,687798,Nick Robertson,6.04,1.75,22.1,1
2023,642770,Javy Guerra,6.05,2.02,19.1,2
2023,675627,Michael Grove,6.13,1.48,69.0,12
2023,594577,Mike Mayers,6.15,1.67,26.1,2
2023,663765,Jake Woodford,6.23,1.74,47.2,8
2023,672391,Kaleb Ort,6.26,1.57,23.0,2
2023,543475,Jordan Lyles,6.28,1.24,177.2,31
2023,666157,Nick Lodolo,6.29,1.75,34.1,7
2023,621076,James Kaprielian,6.34,1.59,61.0,11
2023,647336,Michael Soroka,6.4,1.48,32.1,6
2023,596133,Luke Weaver,6.4,1.58,123.2,25
2023,541640,Erasmo Ramírez,6.41,1.57,60.1,2
2023,672851,Joan Adon,6.45,1.63,51.2,10
2023,656970,Devin Smeltzer,6.45,1.48,22.1,1
2023,570632,José Ureña,6.45,1.61,44.2,10
2023,592789,Noah Syndergaard,6.5,1.39,88.2,18
2023,664028,Brett Kennedy,6.5,1.44,18.0,2
2023,677960,Ryan Weathers,6.55,1.68,57.2,12
2023,641778,Eric Lauer,6.56,1.67,46.2,9
2023,663465,Kolby Allard,6.57,1.62,12.1,3
2023,672710,Roansy Contreras,6.59,1.57,68.1,11
2023,622663,Luis Severino,6.65,1.65,89.1,18
2023,594943,Zach Neal,6.67,1.63,27.0,2
2023,571616,Matt Dermody,6.75,1.25,4.0,1
2023,671131,Jackson Rutledge,6.75,1.5,20.0,4
2023,471911,Carlos Carrasco,6.8,1.7,90.0,20
2023,669211,Keegan Akin,6.85,1.77,23.2,1
2023,607074,Carlos Rodón,6.85,1.45,64.1,14
2023,623167,Chris Flexen,6.86,1.67,102.1,16
2023,666214,Joey Wentz,6.9,1.68,105.2,19
2023,686730,Carson Spiers,6.92,1.92,13.0,2
2023,683175,Connor Phillips,6.97,1.5,20.2,5
2023,657140,Kyle Wright,6.97,1.84,31.0,7
2023,605200,Zach Davies,7.0,1.66,82.1,18
2023,681869,Shawn Dubin,7.0,1.67,9.0,1
2023,670970,Adrian Morejon,7.0,2.11,9.0,1
2023,676534,Calvin Faucher,7.01,1.68,25.2,4
2023,446372,Corey Kluber,7.04,1.64,55.0,9
2023,663687,Hogan Harris,7.14,1.51,63.0,6
2023,660261,Shintaro Fujinami,7.18,1.49,79.0,7
2023,683155,Joey Estes,7.2,1.4,10.0,2
2023,605513,Spencer Turnbull,7.26,1.68,31.0,7
2023,621057,Justin Garza,7.36,1.85,18.1,1
2023,425794,Adam Wainwright,7.4,1.9,101.0,21
2023,657756,Connor Seabold,7.52,1.65,87.1,13
2023,668676,Zach Plesac,7.59,1.97,21.1,5
2023,666205,Kyle Muller,7.6,1.96,77.0,13
2023,689266,Dylan Dodd,7.6,1.89,34.1,7
2023,682990,Quinn Priester,7.74,1.7,50.0,8
2023,660593,Denyi Reyes,7.78,1.68,19.2,3
2023,666720,Yerry Rodríguez,7.9,1.9,13.2,1
2023,680723,Drew Rom,8.02,2.08,33.2,8
2023,592662,Robbie Ray,8.1,2.7,3.1,1
2023,657031,Josh Taylor,8.15,1.75,17.2,1
2023,666154,Karl Kauffmann,8.23,1.66,35.0,3
2023,660761,José Suarez,8.29,1.96,33.2,7
2023,641771,Chad Kuhl,8.45,1.96,38.1,5
2023,680689,Lyon Richardson,8.64,1.92,16.2,4
2023,663562,Noah Davis,8.7,1.93,30.0,6
2023,669395,Dylan Coleman,8.84,2.02,18.1,1
2023,570666,Luis Cessa,9.0,2.23,26.0,6
2023,607968,Drew Rucinski,9.0,2.28,18.0,4
2023,681882,Colin Selby,9.0,1.83,24.0,5
2023,694813,Gavin Stone,9.0,1.9,31.0,4
2023,686651,Levi Stoudt,9.58,2.32,10.1,2
2023,670124,Adam Oller,10.07,2.08,19.2,1
2023,518516,Madison Bumgarner,10.26,2.4,16.2,4
2023,646242,Jhonathan Díaz,10.29,2.86,7.0,1
2023,657093,Spenser Watkins,10.38,2.08,4.1,1
2023,656818,Connor Overton,11.45,2.36,11.0,3
2023,659275,Dinelson Lamet,11.71,2.35,27.2,4
2023,663753,Reiss Knehr,15.88,2.65,5.2,1
2023,668873,Caleb Kilian,16.88,2.81,5.1,1
2023,641149,Wes Parsons,20.25,3.25,4.0,1
2023,674681,Michael Plassmeyer,22.09,2.18,3.2,1
2024,669456,Shane Bieber,0.0,0.92,12.0,2
2024,700363,AJ Smith-Shawver,0.0,1.15,4.1,1
2024,689958,Andrew Walters,0.0,0.69,8.2,1
2024,695076,Rhett Lowder,1.17,1.27,30.2,6
2024,642239,Rob Zastryzny,1.17,0.65,7.2,3
2024,689981,River Ryan,1.33,1.18,20.1,4
2024,669165,Kyle Hurt,1.35,1.35,6.2,1
2024,680732,Sean Burke,1.42,1.0,19.0,3
2024,663941,Tristan Beck,1.69,1.13,16.0,1
2024,594798,Jacob deGrom,1.69,1.13,10.2,3
2024,690916,Richard Fitts,1.74,1.26,20.2,4
2024,669724,Brenan Hanifee,1.84,1.13,29.1,3
2024,676254,Ryan Walker,1.91,0.85,80.0,1
2024,700241,Michael McGreevy,1.96,0.78,23.0,3
2024,694973,Paul Skenes,1.96,0.95,133.0,23
2024,676477,Garrett Whitlock,1.96,1.15,18.1,4
2024,625643,Reynaldo López,1.99,1.11,135.2,25
2024,592866,Trevor Williams,2.03,1.04,66.2,13
2024,690829,Ben Joyce,2.08,1.15,34.2,1
2024,663773,Bryan Hoeing,2.18,1.06,53.2,2
2024,663947,Tyler Holton,2.19,0.78,94.1,9
2024,547001,Cody Poteet,2.22,1.07,24.1,4
2024,605463,Tayler Scott,2.23,1.17,68.2,1
2024,689147,Orion Kerkering,2.29,1.08,63.0,2
2024,519242,Chris Sale,2.38,1.01,177.2,29
2024,669373,Tarik Skubal,2.39,0.92,192.0,31
2024,657649,Jared Koenig,2.47,1.24,62.0,6
2024,676130,José Buttó,2.55,1.07,74.0,7
2024,554430,Zack Wheeler,2.57,0.96,200.0,32
2024,688107,Robert Gasser,2.57,1.04,28.0,5
2024,676428,Brant Hurter,2.58,0.88,45.1,1
2024,685801,Hunter Bigge,2.6,1.27,17.1,1
2024,607644,John Means,2.61,0.87,20.2,4
2024,641703,Brent Honeywell,2.63,1.14,37.2,1
2024,605513,Spencer Turnbull,2.65,1.05,54.1,7
2024,596001,Jakob Junis,2.69,0.85,67.0,6
2024,641582,Matt Foster,2.7,1.5,6.2,1
2024,571510,Matthew Boyd,2.72,1.13,39.2,8
2024,680694,Kyle Bradish,2.75,1.07,39.1,8
2024,668881,Hunter Greene,2.75,1.02,150.1,26
2024,502171,Alex Cobb,2.76,1.04,16.1,3
2024,642121,Cole Sulser,2.76,1.1,16.1,2
2024,669854,Ronel Blanco,2.8,1.09,167.1,29
2024,656876,Drew Rasmussen,2.83,1.08,28.2,4
2024,657376,Clarke Schmidt,2.85,1.18,85.1,16
2024,676879,Aaron Ashby,2.86,1.06,28.1,2
2024,663687,Hogan Harris,2.86,1.35,72.1,9
2024,693433,Bryan Woo,2.89,0.9,121.1,22
2024,656849,David Peterson,2.9,1.29,121.0,21
2024,684007,Shota Imanaga,2.91,1.02,173.1,29
2024,664285,Framber Valdez,2.91,1.11,176.1,28
2024,669203,Corbin Burnes,2.92,1.1,194.1,32
2024,682243,Bryce Miller,2.94,0.98,180.1,31
2024,650633,Michael King,2.95,1.19,173.2,30
2024,668964,Tobias Myers,3.0,1.17,138.0,25
2024,679156,Walter Pennington,3.0,1.67,18.0,1
2024,663574,Tony Santillan,3.0,1.0,30.0,1
2024,808967,Yoshinobu Yamamoto,3.0,1.11,90.0,18
2024,607625,Seth Lugo,3.0,1.09,206.2,33
2024,571656,Buck Farmer,3.04,1.2,71.0,1
2024,669358,Shane Baz,3.06,1.06,79.1,14
2024,657006,Justin Steele,3.07,1.1,134.2,24
2024,607455,Anthony Banda,3.08,1.25,49.2,2
2024,607259,Nick Martinez,3.1,1.03,142.1,16
2024,605483,Blake Snell,3.12,1.05,104.0,20
2024,656557,Tanner Houck,3.12,1.14,178.2,30
2024,666142,Cole Ragans,3.14,1.14,186.1,32
2024,702352,Spencer Bivens,3.14,1.19,48.2,2
2024,608718,Brent Suter,3.15,1.14,65.2,3
2024,640462,A.J. Puk,3.15,1.11,71.1,4
2024,656427,Jack Flaherty,3.17,1.07,162.0,28
2024,669302,Logan Gilbert,3.23,0.89,208.2,33
2024,671131,Jackson Rutledge,3.24,1.2,8.1,1
2024,608331,Max Fried,3.25,1.16,174.1,29
2024,678692,Ronny Henriquez,3.26,1.29,19.1,1
2024,592791,Jameson Taillon,3.27,1.13,165.1,28
2024,605488,Jeffrey Springs,3.27,1.36,33.0,7
2024,607200,Erick Fedde,3.3,1.16,177.1,31
2024,670102,Bowden Francis,3.3,0.93,103.2,13
2024,506433,Yu Darvish,3.31,1.07,81.2,16
2024,547179,Michael Lorenzen,3.31,1.24,130.1,24
2024,682847,Luis Ortiz,3.32,1.11,135.2,15
2024,650911,Cristopher Sánchez,3.32,1.24,181.2,31
2024,663738,Daniel Lynch IV,3.32,0.99,43.1,3
2024,680885,Spencer Schwellenbach,3.35,1.04,123.2,21
2024,608379,Michael Wacha,3.35,1.19,166.2,29
2024,669387,Carmen Mlodzinski,3.38,1.18,50.2,4
2024,673540,Kodai Senga,3.38,0.56,5.1,1
2024,674370,Osvaldo Bido,3.41,1.09,63.1,9
2024,543037,Gerrit Cole,3.41,1.13,95.0,17
2024,667755,José Soriano,3.42,1.2,113.0,20
2024,681432,Luke Little,3.46,1.27,26.0,1
2024,624133,Ranger Suarez,3.46,1.2,150.2,27
2024,640455,Sean Manaea,3.47,1.08,181.2,32
2024,656302,Dylan Cease,3.47,1.07,189.1,33
2024,676440,Tanner Bibee,3.47,1.12,173.2,31
2024,657277,Logan Webb,3.47,1.23,204.2,33
2024,607192,Tyler Glasnow,3.49,0.95,134.0,22
2024,686613,Hunter Brown,3.49,1.27,170.0,30
2024,661563,Luis Gil,3.5,1.19,151.2,29
2024,681857,Reese Olson,3.53,1.18,112.1,22
2024,694813,Gavin Stone,3.53,1.21,140.1,25
2024,669923,George Kirby,3.53,1.07,191.0,33
2024,518489,Ryan Brasier,3.54,0.96,28.0,4
2024,674003,Cody Bradford,3.54,1.01,76.1,13
2024,656550,Grant Holmes,3.56,1.19,68.1,7
2024,605400,Aaron Nola,3.57,1.2,199.1,33
2024,676979,Garrett Crochet,3.58,1.07,146.0,32
2024,694738,Landen Roupp,3.58,1.37,50.1,4
2024,676962,Ben Brown,3.58,1.08,55.1,8
2024,689225,Beau Brieske,3.59,1.26,67.2,12
2024,621107,Zach Eflin,3.59,1.15,165.1,28
2024,686752,Ryan Pepiot,3.6,1.15,130.0,26
2024,657746,Joe Ryan,3.6,0.99,135.0,23
2024,621244,José Berríos,3.6,1.15,192.1,32
2024,656412,Alex Faedo,3.61,1.34,57.1,6
2024,641793,Zack Littell,3.63,1.25,156.1,29
2024,677960,Ryan Weathers,3.63,1.18,86.2,16
2024,622491,Luis Castillo,3.64,1.17,175.1,30
2024,668678,Zac Gallen,3.65,1.26,148.0,28
2024,689017,Landon Knack,3.65,1.1,69.0,12
2024,678368,Valente Bellozo,3.67,1.31,68.2,13
2024,642547,Freddy Peralta,3.68,1.21,173.2,32
2024,666201,Alek Manoah,3.7,1.03,24.1,5
2024,544150,Albert Suárez,3.7,1.29,133.2,24
2024,663903,Brady Singer,3.71,1.27,179.2,32
2024,671096,Andrew Abbott,3.72,1.3,138.0,25
2024,665871,Javier Assad,3.73,1.4,147.0,29
2024,680704,Nick Sandlin,3.75,1.27,57.2,1
2024,500779,Jose Quintana,3.75,1.25,170.1,31
2024,682227,Brandon Williamson,3.77,1.05,14.1,3
2024,641482,Nestor Cortes,3.77,1.15,174.1,30
2024,605452,Joe Ross,3.77,1.36,74.0,10
2024,669467,Andre Pallante,3.78,1.3,121.1,20
2024,543135,Nathan Eovaldi,3.8,1.11,170.2,29
2024,570632,José Ureña,3.8,1.32,109.0,9
2024,700270,Yilber Díaz,3.81,1.38,28.1,4
2024,542881,Tyler Anderson,3.81,1.29,179.1,31
2024,594902,Ben Lively,3.81,1.25,151.0,29
2024,592332,Kevin Gausman,3.83,1.22,181.0,31
2024,458681,Lance Lynn,3.84,1.34,117.1,23
2024,543243,Sonny Gray,3.84,1.09,166.1,28
2024,677958,Kumar Rocker,3.86,1.54,11.2,3
2024,680570,Grayson Rodriguez,3.86,1.24,116.2,20
2024,669713,Hayden Wesneski,3.86,1.14,67.2,7
2024,669062,Erik Miller,3.88,1.31,67.1,10
2024,605397,Joe Musgrove,3.88,1.17,99.2,19
2024,664299,Cristian Javier,3.89,1.41,34.2,7
2024,669022,MacKenzie Gore,3.9,1.42,166.1,32
2024,622663,Luis Severino,3.91,1.24,182.0,31
2024,573009,Joe Mantiply,3.92,1.17,59.2,2
2024,453286,Max Scherzer,3.95,1.15,43.1,9
2024,607074,Carlos Rodón,3.96,1.22,175.0,32
2024,677161,Zack Kelly,3.97,1.25,56.2,3
2024,641927,Bailey Ober,3.98,1.0,178.2,31
2024,621383,Tanner Banks,3.98,1.3,72.1,2
2024,686799,Jack Kochanowicz,3.99,1.19,65.1,11
2024,676596,Josh Fleming,4.02,1.53,31.1,3
2024,669620,Brady Basso,4.03,1.25,22.1,4
2024,518876,Merrill Kelly,4.03,1.17,73.2,13
2024,656731,Tylor Megill,4.04,1.31,78.0,15
2024,669060,Bryse Wilson,4.04,1.27,104.2,9
2024,579328,Yusei Kikuchi,4.05,1.2,175.2,32
2024,657514,Brennan Bernardino,4.06,1.41,51.0,3
2024,681867,Cooper Criswell,4.08,1.35,99.1,18
2024,641154,Pablo López,4.08,1.19,185.1,32
2024,665152,Dean Kremer,4.1,1.24,129.2,24
2024,663855,Jordan Hicks,4.1,1.45,109.2,20
2024,671737,Taj Bradley,4.11,1.22,138.0,25
2024,621114,Ryan Burr,4.13,1.26,32.2,4
2024,601713,Nick Pivetta,4.14,1.13,145.2,26
2024,683003,Jared Jones,4.14,1.19,121.2,22
2024,670174,Josh Winckowski,4.14,1.41,76.0,6
2024,608334,Carson Fulmer,4.15,1.4,86.2,8
2024,605135,Chris Bassitt,4.16,1.46,171.0,31
2024,687792,DJ Herz,4.16,1.26,88.2,19
2024,681869,Shawn Dubin,4.17,1.57,45.1,2
2024,680573,Simeon Woods Richardson,4.17,1.29,133.2,28
2024,450203,Charlie Morton,4.19,1.32,165.1,30
2024,668873,Caleb Kilian,4.22,1.59,10.2,1
2024,669372,J.T. Ginn,4.24,1.32,34.0,6
2024,669194,Ryne Nelson,4.24,1.25,150.2,25
2024,502043,Kyle Gibson,4.24,1.35,169.2,30
2024,656605,Mitch Keller,4.25,1.3,178.0,31
2024,571760,Andrew Heaney,4.28,1.25,160.0,31
2024,680730,Mitchell Parker,4.29,1.3,151.0,29
2024,607067,Colin Rea,4.29,1.26,167.2,27
2024,694363,Jared Shuster,4.3,1.46,73.1,4
2024,678495,Randy Rodríguez,4.3,1.24,52.1,1
2024,680744,Ty Madden,4.3,1.43,23.0,1
2024,573186,Marcus Stroman,4.31,1.47,154.2,29
2024,663436,Davis Martin,4.32,1.46,50.0,10
2024,672710,Roansy Contreras,4.35,1.38,68.1,3
2024,650644,Aaron Civale,4.36,1.3,161.0,31
2024,676710,Kutter Crawford,4.36,1.12,183.2,33
2024,676664,JP Sears,4.38,1.22,180.2,32
2024,669461,Matthew Liberatore,4.4,1.27,86.0,6
2024,572020,James Paxton,4.4,1.45,100.1,21
2024,621199,Matt Bowman,4.4,1.27,30.2,1
2024,663623,Jake Irvin,4.41,1.2,187.2,33
2024,686796,Blake Walston,4.42,1.42,18.1,2
2024,663559,Bailey Falter,4.43,1.29,142.1,28
2024,684320,Yariel Rodríguez,4.47,1.32,86.2,21
2024,592351,Jon Gray,4.47,1.31,102.2,19
2024,663878,Nate Pearson,4.48,1.33,66.1,1
2024,663554,Casey Mize,4.49,1.47,102.1,20
2024,686563,Jonathan Cannon,4.49,1.33,124.1,21
2024,678394,Brayan Bello,4.49,1.36,162.1,30
2024,663372,Ryan Feltner,4.49,1.34,162.1,30
2024,477132,Clayton Kershaw,4.5,1.5,30.0,7
2024,641941,Emilio Pagán,4.5,1.34,38.0,1
2024,681293,Spencer Arrighetti,4.53,1.41,145.0,28
2024,527048,Martín Pérez,4.53,1.48,135.0,26
2024,679525,Alec Marsh,4.53,1.26,129.0,25
2024,594835,Marco Gonzales,4.54,1.6,33.2,7
2024,670950,Trevor Richards,4.55,1.21,65.1,2
2024,690986,Kyle Harrison,4.56,1.34,124.1,24
2024,681035,Christian Scott,4.56,1.2,47.1,9
2024,687765,Mitch Spence,4.58,1.38,151.1,24
2024,675540,Xzavion Curry,4.64,1.05,42.2,5
2024,646242,Jhonathan Díaz,4.66,1.76,9.2,1
2024,621112,Paul Blackburn,4.66,1.29,75.1,14
2024,700669,Gordon Graceffo,4.7,1.17,7.2,1
2024,592662,Robbie Ray,4.7,1.14,30.2,7
2024,694297,Brandon Pfaadt,4.71,1.24,181.2,32
2024,682990,Quinn Priester,4.71,1.41,49.2,7
2024,571948,Hoby Milner,4.73,1.19,64.2,1
2024,647336,Michael Soroka,4.74,1.38,79.2,9
2024,596295,Austin Gomber,4.75,1.31,165.0,30
2024,676106,Emerson Hancock,4.75,1.34,60.2,12
2024,806185,Hayden Birdsong,4.75,1.39,72.0,16
2024,672456,Keider Montero,4.76,1.33,98.1,16
2024,666157,Nick Lodolo,4.76,1.2,115.1,21
2024,642520,Gerson Garabito,4.78,1.33,26.1,2
2024,593423,Frankie Montas,4.84,1.37,150.2,30
2024,691951,Sam Aldegheri,4.85,1.92,13.0,3
2024,668909,Gavin Williams,4.86,1.37,76.0,16
2024,542888,Shawn Armstrong,4.86,1.53,66.2,7
2024,518585,Fernando Cruz,4.86,1.34,66.2,3
2024,681190,Randy Vásquez,4.87,1.51,98.0,20
2024,666159,Matt Manning,4.88,1.55,27.2,5
2024,676282,Joey Cantillo,4.89,1.29,38.2,8
2024,701581,David Festa,4.9,1.32,64.1,13
2024,663362,Matt Waldron,4.91,1.26,146.2,26
2024,669432,Trevor Rogers,4.92,1.58,124.1,25
2024,623167,Chris Flexen,4.95,1.52,160.0,30
2024,665795,Edward Cabrera,4.95,1.37,96.1,20
2024,641816,Tyler Mahle,4.97,1.42,12.2,3
2024,615698,Cal Quantrill,4.98,1.52,148.1,29
2024,663978,Chris Paddack,4.99,1.39,88.1,17
2024,666200,Jesús Luzardo,5.0,1.25,66.2,12
2024,663465,Kolby Allard,5.0,1.56,27.0,4
2024,683155,Joey Estes,5.01,1.23,127.2,24
2024,669084,DL Hall,5.02,1.6,43.0,7
2024,593958,Eduardo Rodriguez,5.04,1.5,50.0,10
2024,605156,Aaron Brooks,5.06,1.54,26.2,4
2024,641771,Chad Kuhl,5.06,1.52,53.1,1
2024,571927,Steven Matz,5.08,1.44,44.1,7
2024,663776,Patrick Sandoval,5.08,1.51,79.2,16
2024,595345,Steven Okert,5.09,1.5,35.1,1
2024,641302,Tyler Alexander,5.1,1.24,107.2,9
2024,608344,Cole Irvin,5.11,1.45,111.0,16
2024,663474,Triston McKenzie,5.11,1.56,75.2,16
2024,675627,Michael Grove,5.12,1.22,51.0,2
2024,665622,Luis Medina,5.18,1.58,40.0,8
2024,656288,Griffin Canning,5.19,1.4,171.2,31
2024,700249,Cade Povich,5.2,1.43,79.2,16
2024,682052,Jacob Lopez,5.23,1.16,10.1,1
2024,664192,Joey Lucchesi,5.23,1.55,10.1,2
2024,668933,Graham Ashcraft,5.24,1.5,77.1,15
2024,607536,Kyle Freeland,5.24,1.41,113.1,21
2024,622072,Alex Wood,5.26,1.78,39.1,9
2024,641540,Dane Dunning,5.31,1.44,95.0,15
2024,670124,Adam Oller,5.31,1.54,42.1,8
2024,571945,Miles Mikolas,5.35,1.28,171.2,32
2024,666129,Braxton Garrett,5.35,1.19,37.0,7
2024,621111,Walker Buehler,5.38,1.55,75.1,16
2024,502624,Chase Anderson,5.4,1.3,58.1,1
2024,669438,Mason Englert,5.4,1.29,21.2,1
2024,642546,Jonathan Hernández,5.4,1.59,43.1,1
2024,572971,Dallas Keuchel,5.4,1.86,16.2,4
2024,667725,Kyle Tyler,5.4,1.74,31.2,7
2024,621097,Jacob Waguespack,5.4,2.3,10.0,1
2024,641745,Brad Keller,5.44,1.52,41.1,2
2024,686730,Carson Spiers,5.46,1.53,90.2,10
2024,696136,Jordan Wicks,5.48,1.63,46.0,10
2024,434378,Justin Verlander,5.48,1.38,90.1,17
2024,689672,Drew Thorpe,5.48,1.26,44.1,9
2024,681066,Ky Bush,5.6,2.04,17.2,4
2024,571578,Patrick Corbin,5.62,1.5,174.2,32
2024,678061,Ray Kerr,5.64,1.61,22.1,2
2024,471911,Carlos Carrasco,5.64,1.4,103.2,21
2024,687424,Anthony Maldonado,5.68,1.47,19.0,1
2024,676974,Max Meyer,5.68,1.42,57.0,11
2024,680736,Justin Wrobleski,5.7,1.38,36.1,6
2024,663567,Peter Lambert,5.72,1.66,61.1,3
2024,671106,Logan Allen,5.73,1.58,97.1,20
2024,656271,Brock Burke,5.82,1.56,34.0,1
2024,605288,Adrian Houser,5.84,1.53,69.1,7
2024,687134,Bradley Blalock,5.87,1.79,30.2,6
2024,669330,Tyler Wells,5.87,1.37,15.1,3
2024,543294,Kyle Hendricks,5.92,1.45,130.2,24
2024,670046,Kenny Rosenberg,6.0,1.5,24.0,1
2024,548389,Ross Stripling,6.01,1.54,85.1,14
2024,660761,José Suarez,6.02,1.61,52.1,3
2024,664350,Sixto Sánchez,6.06,1.6,35.2,7
2024,628317,Kenta Maeda,6.09,1.38,112.1,17
2024,641712,Dakota Hudson,6.17,1.67,89.0,18
2024,675921,Spencer Howard,6.21,2.0,29.0,3
2024,670766,Darren McCaughan,6.21,1.62,42.0,5
2024,669721,Davis Daniel,6.23,1.48,30.1,6
2024,656756,Jordan Montgomery,6.23,1.65,117.0,21
2024,687924,Julian Aguiar,6.25,1.33,31.2,7
2024,630023,Yonny Chirinos,6.3,1.87,30.0,6
2024,622694,Elieser Hernández,6.32,1.21,15.2,1
2024,671212,Joe Boyle,6.42,1.72,47.2,10
2024,489119,Wade Miley,6.43,1.43,7.0,2
2024,696131,Mason Black,6.44,1.68,36.1,8
2024,693821,Bryce Elder,6.52,1.63,49.2,10
2024,682610,Roddery Muñoz,6.53,1.58,82.2,17
2024,622608,Antonio Senzatela,6.57,1.86,12.1,3
2024,677944,Slade Cecconi,6.66,1.42,77.0,13
2024,805673,Zebby Matthews,6.69,1.65,37.2,9
2024,672282,Reid Detmers,6.7,1.56,87.1,17
2024,672851,Joan Adon,6.75,1.5,10.2,1
2024,605182,Mike Clevinger,6.75,1.94,16.0,4
2024,694646,Chayce McDermott,6.75,1.75,4.0,1
2024,608566,Germán Márquez,6.75,2.25,4.0,1
2024,681217,Chase Silseth,6.75,1.5,8.0,2
2024,683627,Anthony Molina,6.79,1.58,59.2,1
2024,663969,Tyler Phillips,6.87,1.42,36.2,7
2024,621389,Ty Blach,6.94,1.7,71.1,12
2024,814005,Jake Bloss,6.94,1.63,11.2,3
2024,675911,Spencer Strider,7.0,1.67,9.0,2
2024,674072,Tommy Henry,7.04,1.75,38.1,7
2024,680897,Nick Nastrini,7.07,1.91,35.2,8
2024,592836,Taijuan Walker,7.1,1.72,83.2,15
2024,456501,Johnny Cueto,7.15,1.5,11.1,2
2024,676775,Keaton Winn,7.16,1.37,55.1,12
2024,692230,Carlos Rodriguez,7.3,1.78,12.1,3
2024,543518,Scott McGough,7.44,1.68,32.2,2
2024,641585,J.P. France,7.46,1.7,25.1,5
2024,800049,Adam Mazur,7.49,1.81,33.2,8
2024,686973,Louis Varland,7.61,1.69,49.2,7
2024,593334,Domingo Germán,7.84,1.84,20.2,2
2024,663765,Jake Woodford,7.97,1.63,35.0,7
2024,642834,Jonathan Bermúdez,8.1,1.95,6.2,1
2024,676714,Brandon Hughes,8.15,1.92,17.2,2
2024,668676,Zach Plesac,8.25,1.58,12.0,3
2024,641312,Shaun Anderson,8.27,2.14,16.1,2
2024,502179,Paolo Espino,8.31,2.19,8.2,1
2024,676272,Bobby Miller,8.52,1.77,56.0,13
2024,670241,Darius Vines,8.56,1.83,13.2,2
2024,685299,Tanner Gordon,8.65,1.72,34.1,8
2024,683004,Jack Leiter,8.83,1.71,35.2,6
2024,668868,Zack Thompson,9.53,1.88,17.0,2
2024,702674,Caden Dana,9.58,2.03,10.1,3
2024,641726,Daulton Jefferies,9.82,1.91,14.2,1
2024,701542,Will Warren,10.32,1.9,22.2,5
2024,675650,Michael Mercado,11.08,1.92,13.0,2
2024,691441,Cristian Mena,12.0,2.33,3.0,1
2024,680742,Jonathan Bowlan,13.5,3.38,2.2,1
2024,527054,Julio Teheran,13.5,3.0,2.2,1
2024,680686,Josiah Gray,14.04,2.4,8.1,2
2024,685116,Austin Kitchen,14.14,2.71,7.0,1
2024,656186,Dan Altavilla,14.73,2.18,3.2,1
2024,642216,Allan Winans,15.26,2.35,7.2,2
2024,694462,Hurston Waldrep,16.71,2.43,7.0,2
2024,686751,Seth Johnson,34.71,4.71,2.1,1
2024,668874,Blair Henley,135.0,21.0,0.1,1
2025,681151,Jayden Murray,1.54,1.11,11.2,1
2025,805123,AJ Blubaugh,1.69,0.88,32.0,3
2025,543135,Nathan Eovaldi,1.73,0.85,130.0,22
2025,701656,Logan Henderson,1.78,0.99,25.1,5
2025,686790,Trevor McDonald,1.8,1.0,15.0,2
2025,669432,Trevor Rogers,1.81,0.9,109.2,18
2025,660761,José Suarez,1.86,1.29,19.1,1
2025,694973,Paul Skenes,1.97,0.95,187.2,32
2025,690997,Nolan McLean,2.06,1.04,48.0,8
2025,641745,Brad Keller,2.07,0.96,69.2,1
2025,676879,Aaron Ashby,2.16,1.17,66.2,1
2025,606965,Chris Devenski,2.16,0.9,16.2,1
2025,519141,Drew Pomeranz,2.17,1.07,49.2,4
2025,641816,Tyler Mahle,2.18,1.13,86.2,16
2025,669373,Tarik Skubal,2.21,0.89,195.1,31
2025,543056,Danny Coulombe,2.3,1.16,43.0,1
2025,542888,Shawn Armstrong,2.31,0.81,74.0,2
2025,674841,Andrew Alvarez,2.31,1.11,23.1,5
2025,669620,Brady Basso,2.31,1.8,11.2,1
2025,544150,Albert Suárez,2.31,0.94,11.2,1
2025,813349,Connelly Early,2.33,1.09,19.1,4
2025,605483,Blake Snell,2.35,1.26,61.1,11
2025,686613,Hunter Brown,2.43,1.03,185.1,31
2025,676428,Brant Hurter,2.43,1.33,63.0,4
2025,642239,Rob Zastryzny,2.45,1.18,22.0,1
2025,808967,Yoshinobu Yamamoto,2.49,0.99,173.2,30
2025,650911,Cristopher Sánchez,2.5,1.06,202.0,32
2025,678024,Mike Vasil,2.5,1.25,101.0,3
2025,680694,Kyle Bradish,2.53,1.03,32.0,6
2025,663460,Kris Bubic,2.55,1.18,116.1,20
2025,519242,Chris Sale,2.58,1.07,125.2,20
2025,676979,Garrett Crochet,2.59,1.03,205.1,32
2025,663465,Kolby Allard,2.63,1.2,65.0,2
2025,806188,Cade Gibson,2.63,1.19,54.2,1
2025,669203,Corbin Burnes,2.66,1.17,64.1,11
2025,688158,David Morgan,2.66,1.23,47.1,2
2025,690990,Cade Horton,2.67,1.08,118.0,22
2025,680755,Braydon Fisher,2.7,1.02,50.0,1
2025,642547,Freddy Peralta,2.7,1.08,176.2,33
2025,554430,Zack Wheeler,2.71,0.94,149.2,24
2025,677952,Braxton Ashcraft,2.71,1.25,69.2,8
2025,800048,Parker Messick,2.72,1.31,39.2,7
2025,656794,Sean Newcomb,2.73,1.35,92.1,5
2025,641154,Pablo López,2.74,1.11,75.2,14
2025,668881,Hunter Greene,2.76,0.94,107.2,19
2025,675512,Troy Melton,2.76,1.01,45.2,4
2025,656876,Drew Rasmussen,2.76,1.02,150.0,31
2025,663969,Tyler Phillips,2.78,1.15,77.2,1
2025,686218,Emmet Sheehan,2.82,0.97,73.1,12
2025,656641,Jacob Latz,2.84,1.24,85.2,8
2025,608331,Max Fried,2.86,1.1,195.1,32
2025,671096,Andrew Abbott,2.87,1.15,166.1,29
2025,660271,Shohei Ohtani,2.87,1.04,47.0,14
2025,601713,Nick Pivetta,2.87,0.99,181.2,31
2025,694462,Hurston Waldrep,2.88,1.19,56.1,9
2025,669330,Tyler Wells,2.91,0.88,21.2,4
2025,693433,Bryan Woo,2.94,0.93,186.2,30
2025,676263,Jack Dreyer,2.95,1.05,76.1,5
2025,693645,Cam Schlittler,2.96,1.22,73.0,14
2025,594798,Jacob deGrom,2.97,0.92,172.2,30
2025,686973,Louis Varland,2.97,1.2,72.2,1
2025,702070,Noah Cameron,2.99,1.1,138.1,24
2025,595345,Steven Okert,3.01,0.89,71.2,1
2025,673540,Kodai Senga,3.02,1.31,113.1,22
2025,571927,Steven Matz,3.05,1.1,76.2,2
2025,663738,Daniel Lynch IV,3.06,1.36,67.2,2
2025,668909,Gavin Williams,3.06,1.27,167.2,31
2025,681517,Kyle Leahy,3.07,1.23,88.0,1
2025,621383,Tanner Banks,3.07,1.01,67.1,1
2025,684320,Yariel Rodríguez,3.08,1.15,73.0,1
2025,607074,Carlos Rodón,3.09,1.05,195.1,33
2025,680885,Spencer Schwellenbach,3.09,0.97,110.2,17
2025,623167,Chris Flexen,3.09,1.15,43.2,1
2025,657514,Brennan Bernardino,3.14,1.26,51.2,3
2025,593974,Wandy Peralta,3.14,1.34,71.2,1
2025,806960,Luis Morales,3.14,1.15,48.2,9
2025,670329,Rico Garcia,3.15,1.19,34.1,1
2025,681857,Reese Olson,3.15,1.21,68.2,13
2025,688107,Robert Gasser,3.18,1.59,5.2,2
2025,641778,Eric Lauer,3.18,1.11,104.2,15
2025,607455,Anthony Banda,3.18,1.22,65.0,1
2025,686993,Justin Sterner,3.18,1.05,65.0,1
2025,607192,Tyler Glasnow,3.19,1.1,90.1,18
2025,657424,Matt Gage,3.19,1.52,31.0,2
2025,605540,Brandon Woodruff,3.2,0.91,64.2,12
2025,624133,Ranger Suarez,3.2,1.22,157.1,26
2025,571510,Matthew Boyd,3.21,1.09,179.2,31
2025,676282,Joey Cantillo,3.21,1.26,95.1,13
2025,702056,Trey Yesavage,3.21,1.43,14.0,3
2025,657277,Logan Webb,3.22,1.24,207.0,34
2025,594902,Ben Lively,3.22,1.19,44.2,9
2025,605288,Adrian Houser,3.31,1.28,125.0,21
2025,661563,Luis Gil,3.32,1.4,57.0,11
2025,682990,Quinn Priester,3.32,1.24,157.1,24
2025,657376,Clarke Schmidt,3.32,1.09,78.2,14
2025,666157,Nick Lodolo,3.33,1.08,156.2,28
2025,678394,Brayan Bello,3.35,1.24,166.2,28
2025,687888,Brandon Walter,3.35,0.93,53.2,9
2025,477132,Clayton Kershaw,3.36,1.22,112.2,22
2025,656271,Brock Burke,3.36,1.23,61.2,1
2025,669194,Ryne Nelson,3.39,1.07,154.0,23
2025,669211,Keegan Akin,3.41,1.37,63.1,3
2025,608337,Lucas Giolito,3.41,1.29,145.0,26
2025,657746,Joe Ryan,3.42,1.04,171.0,30
2025,669302,Logan Gilbert,3.44,1.03,131.0,25
2025,650633,Michael King,3.44,1.2,73.1,15
2025,663399,Brandon Waddell,3.45,1.28,31.1,1
2025,669084,DL Hall,3.49,1.06,38.2,3
2025,663568,Stephen Kolek,3.51,1.14,112.2,19
2025,677651,Luis Garcia,3.52,0.52,7.2,2
2025,518876,Merrill Kelly,3.52,1.11,184.0,32
2025,665795,Edward Cabrera,3.53,1.23,137.2,26
2025,605280,Clay Holmes,3.53,1.3,165.2,31
2025,694477,Chad Patrick,3.53,1.28,119.2,23
2025,527048,Martín Pérez,3.54,1.11,56.0,10
2025,622491,Luis Castillo,3.54,1.18,180.2,32
2025,669387,Carmen Mlodzinski,3.55,1.3,99.0,12
2025,668964,Tobias Myers,3.55,1.36,50.2,6
2025,681867,Cooper Criswell,3.57,1.58,17.2,1
2025,669456,Shane Bieber,3.57,1.02,40.1,7
2025,670912,Johan Oviedo,3.57,1.21,40.1,9
2025,623211,Huascar Brazobán,3.57,1.24,63.0,3
2025,592332,Kevin Gausman,3.59,1.06,193.0,32
2025,693855,Ian Seymour,3.63,1.18,57.0,5
2025,665871,Javier Assad,3.65,1.22,37.0,7
2025,592662,Robbie Ray,3.65,1.21,182.1,32
2025,686701,Ryan Bergert,3.66,1.26,76.1,15
2025,664285,Framber Valdez,3.66,1.24,192.0,31
2025,663947,Tyler Holton,3.66,1.04,78.2,6
2025,592791,Jameson Taillon,3.68,1.06,129.2,23
2025,622503,Nabil Crismatt,3.71,1.44,34.0,5
2025,684007,Shota Imanaga,3.73,0.99,144.2,25
2025,656222,Jalen Beeks,3.77,1.08,57.1,2
2025,664141,JT Brubaker,3.77,1.22,28.2,1
2025,656288,Griffin Canning,3.77,1.38,76.1,16
2025,694738,Landen Roupp,3.8,1.48,106.2,22
2025,641793,Zack Littell,3.81,1.1,186.2,32
2025,607481,Aaron Bummer,3.81,1.25,54.1,2
2025,681343,Shane Smith,3.81,1.2,146.1,29
2025,681190,Randy Vásquez,3.84,1.32,133.2,26
2025,434378,Justin Verlander,3.85,1.36,152.0,29
2025,680742,Jonathan Bowlan,3.86,1.22,44.1,1
2025,683004,Jack Leiter,3.86,1.28,151.2,29
2025,700363,AJ Smith-Shawver,3.86,1.42,44.1,9
2025,608379,Michael Wacha,3.86,1.22,172.2,31
2025,686752,Ryan Pepiot,3.86,1.16,167.2,31
2025,663554,Casey Mize,3.87,1.27,149.0,28
2025,656457,Tyler Gilbert,3.88,1.25,51.0,5
2025,623437,Justin Topa,3.9,1.43,60.0,1
2025,657585,Reed Garrett,3.9,1.32,55.1,1
2025,673929,Jordan Leasure,3.92,1.23,64.1,1
2025,666200,Jesús Luzardo,3.92,1.22,183.2,32
2025,669199,Lake Bachar,3.93,1.2,71.0,1
2025,681347,Mike Burrows,3.94,1.24,96.0,19
2025,656731,Tylor Megill,3.95,1.36,68.1,14
2025,607067,Colin Rea,3.95,1.25,159.1,27
2025,605135,Chris Bassitt,3.96,1.33,170.1,31
2025,500779,Jose Quintana,3.96,1.29,131.2,24
2025,642152,Lou Trivino III,3.97,1.34,47.2,2
2025,579328,Yusei Kikuchi,3.99,1.42,178.1,33
2025,656550,Grant Holmes,3.99,1.34,115.0,21
2025,677960,Ryan Weathers,3.99,1.28,38.1,8
2025,696149,Bubba Chandler,4.02,0.93,31.1,4
2025,663903,Brady Singer,4.03,1.24,169.2,32
2025,690986,Kyle Harrison,4.04,1.37,35.2,6
2025,680573,Simeon Woods Richardson,4.04,1.28,111.1,22
2025,592254,José De León,4.05,1.65,6.2,1
2025,592836,Taijuan Walker,4.08,1.41,123.2,21
2025,608650,Dietrich Enns,4.08,1.4,46.1,3
2025,682052,Jacob Lopez,4.08,1.27,92.2,17
2025,669854,Ronel Blanco,4.1,1.18,48.1,9
2025,663436,Davis Martin,4.1,1.29,142.2,25
2025,605488,Jeffrey Springs,4.11,1.21,171.0,30
2025,690928,Hunter Dobbins,4.13,1.28,61.0,11
2025,607625,Seth Lugo,4.15,1.29,145.1,26
2025,669022,MacKenzie Gore,4.17,1.35,159.2,30
2025,676083,Janson Junk,4.17,1.14,110.0,16
2025,621244,José Berríos,4.17,1.3,166.0,30
2025,672582,Angel Zerpa,4.18,1.38,64.2,2
2025,656605,Mitch Keller,4.19,1.26,176.1,32
2025,678022,Jack Perkins,4.19,1.16,38.2,4
2025,665152,Dean Kremer,4.19,1.21,171.2,29
2025,669461,Matthew Liberatore,4.21,1.31,151.2,29
2025,669923,George Kirby,4.21,1.19,126.0,23
2025,605130,Scott Barlow,4.21,1.39,68.1,1
2025,656849,David Peterson,4.22,1.37,168.2,30
2025,680732,Sean Burke,4.22,1.44,134.1,22
2025,695549,Jackson Jobe,4.22,1.49,49.0,10
2025,643377,Griffin Jax,4.23,1.29,66.0,2
2025,686642,Fraser Ellard,4.24,1.59,17.0,3
2025,676440,Tanner Bibee,4.24,1.23,182.1,31
2025,691587,Eury Pérez,4.25,1.05,95.1,20
2025,671106,Logan Allen,4.25,1.4,156.2,29
2025,676917,Cade Cavalli,4.25,1.48,48.2,10
2025,667755,José Soriano,4.26,1.4,169.0,31
2025,641656,Ian Hamilton,4.28,1.25,40.0,1
2025,543243,Sonny Gray,4.28,1.23,180.2,32
2025,677944,Slade Cecconi,4.3,1.19,132.0,23
2025,688138,Logan Evans,4.32,1.39,81.1,15
2025,680736,Justin Wrobleski,4.32,1.23,66.2,2
2025,695418,Brad Lord,4.34,1.29,130.2,19
2025,642232,Ryan Yarbrough,4.36,1.2,64.0,8
2025,694819,Jacob Misiorowski,4.36,1.24,66.0,14
2025,682847,Luis Ortiz,4.36,1.38,88.2,16
2025,672456,Keider Montero,4.37,1.39,90.2,12
2025,687606,Paxton Schultz,4.38,1.42,24.2,2
2025,685126,Brandon Eisert,4.39,1.44,69.2,3
2025,571578,Patrick Corbin,4.4,1.36,155.1,30
2025,700241,Michael McGreevy,4.42,1.25,95.2,16
2025,701542,Will Warren,4.44,1.37,162.1,33
2025,663559,Bailey Falter,4.45,1.28,125.1,24
2025,675911,Spencer Strider,4.45,1.4,125.1,23
2025,607259,Nick Martinez,4.45,1.21,165.2,26
2025,808963,Roki Sasaki,4.46,1.43,36.1,8
2025,518489,Ryan Brasier,4.5,1.23,26.0,1
2025,663485,Cole Sands,4.5,1.17,72.0,3
2025,669713,Hayden Wesneski,4.5,1.09,32.0,6
2025,647336,Michael Soroka,4.52,1.13,89.2,17
2025,608718,Brent Suter,4.52,1.29,67.2,3
2025,622663,Luis Severino,4.54,1.3,162.2,29
2025,656302,Dylan Cease,4.55,1.33,168.0,32
2025,542881,Tyler Anderson,4.56,1.41,136.1,26
2025,663795,Justin Hagenman,4.56,1.1,23.2,1
2025,695505,Chase Burns,4.57,1.32,43.1,8
2025,570632,José Ureña,4.58,1.45,55.0,6
2025,663941,Tristan Beck,4.61,1.11,56.2,1
2025,664299,Cristian Javier,4.62,1.27,37.0,8
2025,676508,Ben Casparius,4.64,1.27,77.2,3
2025,547179,Michael Lorenzen,4.64,1.33,141.2,26
2025,656427,Jack Flaherty,4.64,1.28,161.0,31
2025,608372,Tomoyuki Sugano,4.64,1.33,157.0,30
2025,678368,Valente Bellozo,4.65,1.33,81.1,6
2025,666142,Cole Ragans,4.67,1.18,61.2,13
2025,671212,Joe Boyle,4.67,1.37,52.0,9
2025,685107,Anthony Veneziano,4.68,1.56,25.0,1
2025,676974,Max Meyer,4.73,1.42,64.2,12
2025,666171,Ryan Zeferjahn,4.74,1.47,57.0,1
2025,663372,Ryan Feltner,4.75,1.48,30.1,6
2025,693313,Carson Seymour,4.75,1.39,36.0,3
2025,543294,Kyle Hendricks,4.76,1.28,164.2,31
2025,657006,Justin Steele,4.76,1.15,22.2,4
2025,669920,Jason Alexander,4.77,1.37,77.1,13
2025,687075,Brandon Sproat,4.79,1.21,20.2,4
2025,806185,Hayden Birdsong,4.8,1.49,65.2,10
2025,800049,Adam Mazur,4.8,1.5,30.0,6
2025,668678,Zac Gallen,4.83,1.26,192.0,33
2025,571945,Miles Mikolas,4.84,1.32,156.1,31
2025,650644,Aaron Civale,4.85,1.26,102.0,18
2025,669358,Shane Baz,4.87,1.33,166.1,31
2025,689017,Landon Knack,4.89,1.39,42.1,7
2025,676106,Emerson Hancock,4.9,1.38,90.0,16
2025,691799,Grant Taylor,4.91,1.42,36.2,2
2025,621111,Walker Buehler,4.93,1.52,126.0,24
2025,669160,Dustin May,4.96,1.42,132.1,23
2025,641302,Tyler Alexander,4.98,1.4,97.2,5
2025,607536,Kyle Freeland,4.98,1.42,162.2,31
2025,690916,Richard Fitts,5.0,1.31,45.0,10
2025,664062,Tony Gonsolin,5.0,1.42,36.0,7
2025,448179,Rich Hill,5.0,1.89,9.0,2
2025,687931,Carson Whisenhunt,5.01,1.46,23.1,5
2025,593958,Eduardo Rodriguez,5.02,1.54,154.1,29
2025,676664,JP Sears,5.04,1.32,135.2,27
2025,671737,Taj Bradley,5.05,1.31,142.2,27
2025,669372,J.T. Ginn,5.08,1.36,90.1,16
2025,680880,Grant Holman,5.09,1.52,23.0,2
2025,701487,Pierson Ohl,5.1,1.5,30.0,3
2025,687765,Mitch Spence,5.1,1.44,84.2,8
2025,641927,Bailey Ober,5.1,1.3,146.1,27
2025,605452,Joe Ross,5.12,1.47,51.0,1
2025,543101,Anthony DeSclafani,5.12,1.27,38.2,4
2025,672782,Yoendrys Gómez,5.17,1.39,62.2,9
2025,453286,Max Scherzer,5.19,1.29,85.0,17
2025,700249,Cade Povich,5.21,1.5,112.1,20
2025,674944,Sean Guenther,5.23,1.45,10.1,1
2025,694297,Brandon Pfaadt,5.25,1.33,176.2,33
2025,693821,Bryce Elder,5.3,1.39,156.1,28
2025,669467,Andre Pallante,5.31,1.44,162.2,31
2025,669308,Sean Reynolds,5.33,1.37,27.0,1
2025,676467,Colton Gordon,5.34,1.42,86.0,14
2025,681293,Spencer Arrighetti,5.35,1.42,35.1,7
2025,663978,Chris Paddack,5.35,1.28,158.0,28
2025,645261,Sandy Alcantara,5.36,1.27,174.2,31
2025,506433,Yu Darvish,5.38,1.18,72.0,15
2025,669721,Davis Daniel,5.4,1.6,10.0,2
2025,701581,David Festa,5.4,1.28,53.1,10
2025,625643,Reynaldo López,5.4,2.2,5.0,1
2025,656240,Scott Blewett,5.48,1.42,44.1,2
2025,607200,Erick Fedde,5.49,1.52,141.0,24
2025,571760,Andrew Heaney,5.52,1.38,122.1,23
2025,805673,Zebby Matthews,5.56,1.49,79.1,16
2025,666214,Joey Wentz,5.6,1.56,98.0,13
2025,668984,Casey Legumina,5.62,1.45,49.2,1
2025,640455,Sean Manaea,5.64,1.22,60.2,12
2025,687473,Ryan Gusto,5.67,1.48,101.2,17
2025,682243,Bryce Miller,5.68,1.41,90.1,18
2025,680730,Mitchell Parker,5.68,1.43,164.2,30
2025,663623,Jake Irvin,5.7,1.43,180.0,33
2025,677958,Kumar Rocker,5.74,1.46,64.1,14
2025,686563,Jonathan Cannon,5.82,1.49,103.2,17
2025,641672,Thomas Hatch,5.82,1.68,34.0,1
2025,450203,Charlie Morton,5.83,1.58,142.0,27
2025,606996,Kyle Hart,5.86,1.19,43.0,6
2025,674370,Osvaldo Bido,5.87,1.61,79.2,10
2025,676962,Ben Brown,5.92,1.44,106.1,15
2025,621107,Zach Eflin,5.93,1.42,71.1,14
2025,605400,Aaron Nola,6.01,1.35,94.1,17
2025,676961,Caleb Boushley,6.02,1.57,43.1,1
2025,615698,Cal Quantrill,6.04,1.45,117.2,26
2025,670102,Bowden Francis,6.05,1.53,64.0,14
2025,801139,Payton Tolle,6.06,1.59,16.1,3
2025,686730,Carson Spiers,6.08,1.5,13.1,2
2025,592866,Trevor Williams,6.21,1.54,82.2,17
2025,690953,Mick Abel,6.23,1.51,39.0,8
2025,621112,Paul Blackburn,6.23,1.51,39.0,4
2025,573186,Marcus Stroman,6.23,1.54,39.0,9
2025,687064,Brandon Young,6.24,1.54,57.2,12
2025,593423,Frankie Montas,6.28,1.6,38.2,7
2025,641482,Nestor Cortes,6.29,1.63,34.1,8
2025,685299,Tanner Gordon,6.33,1.5,75.1,15
2025,669422,Matt Sauer,6.37,1.45,29.2,1
2025,678906,Kai-Wei Teng,6.37,1.55,29.2,7
2025,702674,Caden Dana,6.4,1.48,32.1,5
2025,680684,Gunnar Hoglund,6.4,1.52,32.1,6
2025,621121,Lance McCullers Jr.,6.51,1.81,55.1,13
2025,801403,Chase Dollander,6.52,1.55,98.0,21
2025,689225,Beau Brieske,6.55,1.64,22.0,1
2025,622608,Antonio Senzatela,6.65,1.84,130.0,23
2025,669060,Bryse Wilson,6.65,1.82,47.1,5
2025,815083,Mitch Farris,6.66,1.44,24.1,5
2025,687922,Easton Lucas,6.66,1.52,24.1,5
2025,608566,Germán Márquez,6.7,1.71,126.1,26
2025,489119,Wade Miley,6.75,1.75,12.0,2
2025,665625,Elvis Peguero,6.75,1.93,9.1,1
2025,686799,Jack Kochanowicz,6.81,1.75,111.0,23
2025,686930,Mason Barnett,6.85,1.66,22.1,5
2025,663855,Jordan Hicks,6.95,1.66,67.1,9
2025,829272,Shinnosuke Ogasawara,6.98,1.55,38.2,2
2025,669020,Ryan Rolison,7.02,1.77,42.1,1
2025,471911,Carlos Carrasco,7.09,1.71,45.2,9
2025,605513,Spencer Turnbull,7.11,2.53,6.1,1
2025,687830,Sawyer Gipson-Long,7.18,1.28,31.1,3
2025,683627,Anthony Molina,7.27,1.67,34.2,1
2025,685326,McCade Brown,7.36,1.83,25.2,7
2025,682989,Victor Mederos,7.41,1.76,17.0,3
2025,701519,Travis Adams,7.49,1.66,33.2,2
2025,596295,Austin Gomber,7.49,1.72,57.2,12
2025,669145,Bruce Zimmermann,7.5,1.5,6.0,1
2025,622379,Luis F. Castillo,7.71,2.71,7.0,2
2025,804636,Jonah Tong,7.71,1.77,18.2,5
2025,663362,Matt Waldron,7.71,2.57,4.2,1
2025,663546,Sean Hjelle,7.8,2.0,15.0,1
2025,691951,Sam Aldegheri,7.9,2.2,13.2,2
2025,656557,Tanner Houck,8.04,1.69,43.2,9
2025,694363,Jared Shuster,8.04,2.04,15.2,2
2025,687362,Connor Gillispie,8.65,1.65,26.0,6
2025,642216,Allan Winans,8.68,1.71,9.1,1
2025,680735,Austin Cox,8.86,1.73,21.1,1
2025,687223,Carson Palmquist,8.91,2.04,34.1,7
2025,694918,Blade Tidwell,9.0,2.2,15.0,2
2025,660730,Elvin Rodríguez,9.15,1.68,19.2,2
2025,687134,Bradley Blalock,9.36,1.84,58.2,12
2025,683155,Joey Estes,9.82,2.0,11.0,2
2025,676272,Bobby Miller,12.6,2.6,5.0,1
2025,680951,Doug Nikhazy,13.5,2.75,4.0,1
2025,800311,Didier Fuentes,13.85,2.23,13.0,4
2025,802419,Thomas Harrington,15.58,2.88,8.2,1
2025,694646,Chayce McDermott,15.58,2.77,8.2,1
2025,502043,Kyle Gibson,16.78,2.92,12.1,4
2025,695534,Chase Petty,19.5,3.67,6.0,2
2026,571882,Derek Law,1.0,1.11,9.0,1
2026,696146,Hagen Smith,1.29,0.96,28.0,1
2026,678061,Ray Kerr,1.47,0.6,18.1,1
2026,621112,Paul Blackburn,1.59,1.08,85.0,2
2026,660271,Shohei Ohtani,1.79,0.95,85.2,14
2026,694819,Jacob Misiorowski,1.8,0.8,174.2,30
2026,676962,Ben Brown,1.85,0.94,68.0,8
2026,605483,Blake Snell,1.9,1.1,42.2,9
2026,669084,DL Hall,1.91,1.04,61.1,1
2026,687941,Alec Gamboa,1.91,1.15,33.0,3
2026,693645,Cam Schlittler,1.95,0.92,193.2,33
2026,656641,Jacob Latz,2.13,0.81,72.0,1
2026,595345,Steven Okert,2.13,0.87,67.2,1
2026,519242,Chris Sale,2.16,0.98,162.2,27
2026,702303,Riley Martin,2.16,0.84,8.1,1
2026,699044,Miguel Ullola,2.16,0.72,16.2,2
2026,699134,Bradgley Rodriguez,2.19,1.07,74.0,4
2026,691799,Grant Taylor,2.25,1.07,84.0,4
2026,656302,Dylan Cease,2.4,1.1,169.0,29
2026,621107,Zach Eflin,2.45,1.64,3.2,1
2026,800311,Didier Fuentes,2.45,1.1,73.1,1
2026,690990,Cade Horton,2.45,0.82,7.1,2
2026,678868,Eddy Yean,2.45,0.91,11.0,1
2026,701656,Logan Henderson,2.47,0.84,98.1,18
2026,621097,Jacob Waguespack,2.49,0.91,47.0,1
2026,808967,Yoshinobu Yamamoto,2.53,0.87,185.0,28
2026,800048,Parker Messick,2.56,1.06,186.1,32
2026,701719,Tyler Samaniego,2.66,1.48,20.1,1
2026,700669,Gordon Graceffo,2.67,1.1,81.0,1
2026,607074,Carlos Rodón,2.67,1.06,84.1,16
2026,656876,Drew Rasmussen,2.67,0.91,172.0,30
2026,676974,Max Meyer,2.68,1.14,111.0,20
2026,676571,PJ Poulin,2.7,1.31,36.2,11
2026,592779,Brock Stewart,2.7,1.01,26.2,1
2026,543243,Sonny Gray,2.72,1.15,169.0,29
2026,669373,Tarik Skubal,2.72,0.96,158.2,26
2026,693686,Spencer Miles,2.73,1.1,95.2,8
2026,663947,Tyler Holton,2.75,1.25,72.0,3
2026,675512,Troy Melton,2.76,1.13,114.1,20
2026,608331,Max Fried,2.8,0.99,112.2,20
2026,657514,Brennan Bernardino,2.81,1.16,64.0,2
2026,683618,Edgardo Henriquez,2.85,1.03,60.0,1
2026,666200,Jesús Luzardo,2.86,1.07,179.2,29
2026,601713,Nick Pivetta,2.86,1.01,34.2,8
2026,695505,Chase Burns,2.86,1.17,154.1,29
2026,670990,Yohan Ramírez,2.86,1.19,85.0,1
2026,615698,Cal Quantrill,2.86,1.04,110.0,15
2026,682254,Mason Montgomery,2.88,1.03,68.2,5
2026,593958,Eduardo Rodriguez,2.89,1.24,189.2,32
2026,650911,Cristopher Sánchez,2.91,1.2,207.0,33
2026,623211,Huascar Brazobán,2.96,1.09,67.0,6
2026,664199,Taylor Clarke,2.96,1.0,73.0,2
2026,700712,Walbert Ureña,2.97,1.23,148.1,27
2026,605540,Brandon Woodruff,2.98,0.84,45.1,9
2026,669062,Erik Miller,2.98,1.38,51.1,1
2026,554430,Zack Wheeler,3.0,1.05,162.0,28
2026,676917,Cade Cavalli,3.02,1.16,169.2,32
2026,801139,Payton Tolle,3.03,1.1,148.2,26
2026,527048,Martín Pérez,3.04,1.27,142.0,26
2026,665622,Luis Medina,3.08,1.4,73.0,1
2026,656794,Sean Newcomb,3.09,1.18,90.1,6
2026,607259,Nick Martinez,3.1,1.09,180.0,31
2026,676879,Aaron Ashby,3.12,1.31,89.1,1
2026,592866,Trevor Williams,3.14,1.19,28.2,1
2026,669020,Ryan Rolison,3.14,1.29,63.0,2
2026,663558,Jovani Morán,3.15,1.14,65.2,3
2026,690997,Nolan McLean,3.16,1.17,179.2,31
2026,572143,Burch Smith,3.18,1.47,17.0,1
2026,686613,Hunter Brown,3.19,1.27,107.1,20
2026,489446,Kirby Yates,3.19,1.2,42.1,1
2026,676263,Jack Dreyer,3.2,1.1,64.2,3
2026,650633,Michael King,3.21,1.18,185.0,32
2026,680755,Braydon Fisher,3.21,1.27,75.2,10
2026,624133,Ranger Suarez,3.22,1.19,148.1,28
2026,669713,Hayden Wesneski,3.25,1.13,61.0,11
2026,680744,Ty Madden,3.26,1.0,47.0,1
2026,605280,Clay Holmes,3.29,1.19,101.1,18
2026,689254,Mason Fluharty,3.3,1.24,62.2,4
2026,608379,Michael Wacha,3.32,1.11,200.2,32
2026,813349,Connelly Early,3.33,1.23,94.2,18
2026,696070,Kendry Rojas,3.34,1.52,29.2,4
2026,663969,Tyler Phillips,3.34,1.33,126.2,20
2026,680732,Sean Burke,3.34,1.2,172.1,27
2026,663556,Shane McClanahan,3.36,1.12,118.0,24
2026,672282,Reid Detmers,3.36,1.04,185.0,32
2026,608718,Brent Suter,3.36,1.22,91.0,4
2026,663795,Justin Hagenman,3.38,1.25,8.0,1
2026,694477,Chad Patrick,3.4,1.24,106.0,6
2026,647336,Michael Soroka,3.41,1.09,116.0,21
2026,804267,Zac Thornton,3.42,1.14,84.1,15
2026,669199,Lake Bachar,3.43,1.12,86.2,12
2026,674841,Andrew Alvarez,3.43,1.3,112.2,17
2026,656550,Grant Holmes,3.44,1.31,151.2,29
2026,641835,Tim Mayza,3.48,1.13,67.1,6
2026,672456,Keider Montero,3.48,1.04,155.0,25
2026,677976,Randy Dobnak,3.51,1.4,74.1,13
2026,643377,Griffin Jax,3.53,1.18,112.1,23
2026,607192,Tyler Glasnow,3.53,0.95,74.0,13
2026,687064,Brandon Young,3.56,1.35,156.2,28
2026,676106,Emerson Hancock,3.57,1.14,138.2,25
2026,683363,Matt Wilkinson,3.58,0.98,27.2,6
2026,664141,JT Brubaker,3.58,1.24,60.1,1
2026,592662,Robbie Ray,3.59,1.35,165.2,30
2026,656492,Foster Griffin,3.6,1.21,172.2,31
2026,592288,Kent Emanuel,3.6,1.6,5.0,1
2026,677960,Ryan Weathers,3.6,1.22,137.1,25
2026,593974,Wandy Peralta,3.61,1.32,77.1,5
2026,543037,Gerrit Cole,3.61,1.1,127.0,22
2026,676282,Joey Cantillo,3.62,1.42,159.0,30
2026,702021,Will Dion,3.62,1.19,49.2,1
2026,665871,Javier Assad,3.63,1.14,94.1,11
2026,596001,Jakob Junis,3.64,1.27,54.1,1
2026,677952,Braxton Ashcraft,3.65,1.09,165.1,28
2026,702885,Cesar Perdomo,3.65,1.38,24.2,4
2026,687562,Jake Bennett,3.65,1.1,113.1,19
2026,681517,Kyle Leahy,3.66,1.34,140.0,30
2026,680736,Justin Wrobleski,3.66,1.14,140.0,22
2026,623454,Drew Anderson,3.67,1.27,108.0,11
2026,690928,Hunter Dobbins,3.67,1.35,54.0,8
2026,691946,George Klassen,3.67,1.63,27.0,6
2026,694361,Will Klein,3.67,1.56,41.2,3
2026,683000,Riley Cornelio,3.68,1.5,36.2,3
2026,647315,Zach Pop,3.68,1.09,7.1,1
2026,702056,Trey Yesavage,3.69,1.14,97.2,20
2026,642232,Ryan Yarbrough,3.69,1.22,63.1,2
2026,641302,Tyler Alexander,3.7,1.32,73.0,5
2026,669372,J.T. Ginn,3.71,1.24,138.1,24
2026,683003,Jared Jones,3.72,1.08,101.2,21
2026,669302,Logan Gilbert,3.73,1.09,186.0,32
2026,671737,Taj Bradley,3.73,1.22,178.1,31
2026,663542,Bryan Hudson,3.74,1.28,67.1,9
2026,668909,Gavin Williams,3.76,1.11,184.1,32
2026,663460,Kris Bubic,3.76,1.2,55.0,9
2026,668984,Casey Legumina,3.77,1.28,71.2,6
2026,684007,Shota Imanaga,3.77,1.1,174.1,32
2026,694297,Brandon Pfaadt,3.77,1.18,136.0,19
2026,695418,Brad Lord,3.78,1.22,83.1,5
2026,807739,Kade Anderson,3.79,1.23,35.2,7
2026,657746,Joe Ryan,3.79,1.16,144.2,27
2026,804636,Jonah Tong,3.82,1.24,30.2,4
2026,663567,Peter Lambert,3.82,1.25,155.2,29
2026,694973,Paul Skenes,3.82,1.12,174.1,32
2026,607200,Erick Fedde,3.83,1.35,141.0,15
2026,687273,Quinn Mathews,3.83,1.38,49.1,9
2026,669467,Andre Pallante,3.83,1.27,162.0,29
2026,681035,Christian Scott,3.85,1.27,110.0,23
2026,664074,Cody Ponce,3.86,0.86,2.1,1
2026,694360,Beck Way,3.86,1.59,23.1,1
2026,688107,Robert Gasser,3.87,1.19,109.1,20
2026,645261,Sandy Alcantara,3.87,1.23,214.0,33
2026,801403,Chase Dollander,3.89,1.3,44.0,3
2026,681190,Randy Vásquez,3.9,1.27,140.2,23
2026,691587,Eury Pérez,3.91,1.21,159.0,29
2026,571510,Matthew Boyd,3.91,1.21,126.2,22
2026,667755,José Soriano,3.91,1.29,177.1,32
2026,695549,Jackson Jobe,3.91,1.17,46.0,9
2026,701542,Will Warren,3.92,1.37,156.0,29
2026,814490,Ethan Pecko,3.93,1.14,34.1,5
2026,663855,Jordan Hicks,3.94,1.54,48.0,2
2026,663436,Davis Martin,3.95,1.32,146.0,28
2026,700241,Michael McGreevy,3.95,1.28,168.2,31
2026,669387,Carmen Mlodzinski,3.95,1.37,123.0,12
2026,683627,Anthony Molina,3.97,1.06,34.0,5
2026,690953,Mick Abel,3.98,1.57,20.1,3
2026,667463,John King,3.99,1.01,49.2,1
2026,641816,Tyler Mahle,3.99,1.23,149.0,27
2026,693433,Bryan Woo,4.01,1.1,173.0,30
2026,694738,Landen Roupp,4.01,1.3,155.0,29
2026,605288,Adrian Houser,4.02,1.3,109.2,16
2026,669432,Trevor Rogers,4.03,1.18,169.2,30
2026,690279,Mason Adams,4.03,1.48,29.0,6
2026,664285,Framber Valdez,4.03,1.36,174.0,31
2026,663738,Daniel Lynch IV,4.08,1.15,86.0,10
2026,687473,Ryan Gusto,4.09,1.44,88.0,18
2026,693821,Bryce Elder,4.11,1.27,149.0,26
2026,669358,Shane Baz,4.11,1.35,179.2,31
2026,682982,Daniel Espino,4.11,1.24,15.1,3
2026,702070,Noah Cameron,4.11,1.23,177.1,30
2026,681810,Austin Warren,4.11,1.37,50.1,2
2026,663992,Richard Lovelady,4.11,1.86,35.0,6
2026,680694,Kyle Bradish,4.12,1.46,155.0,29
2026,669165,Kyle Hurt,4.14,1.34,45.2,1
2026,689981,River Ryan,4.15,1.85,4.1,2
2026,622663,Luis Severino,4.16,1.47,62.2,12
2026,682243,Bryce Miller,4.17,1.16,118.2,21
2026,675660,Shane Drohan,4.19,1.32,124.2,19
2026,543135,Nathan Eovaldi,4.2,1.22,145.2,23
2026,690986,Kyle Harrison,4.2,1.35,115.2,24
2026,650644,Aaron Civale,4.2,1.44,111.1,15
2026,594798,Jacob deGrom,4.2,1.14,162.2,31
2026,693855,Ian Seymour,4.21,1.13,132.2,16
2026,676083,Janson Junk,4.22,1.29,123.2,25
2026,674003,Cody Bradford,4.3,1.48,44.0,8
2026,674444,Steven Cruz,4.3,1.26,58.2,2
2026,657277,Logan Webb,4.31,1.17,160.2,27
2026,642121,Cole Sulser,4.31,1.24,56.1,2
2026,663554,Casey Mize,4.32,1.23,131.1,26
2026,669923,George Kirby,4.33,1.4,174.2,30
2026,678394,Brayan Bello,4.33,1.37,116.1,11
2026,607067,Colin Rea,4.34,1.33,137.0,19
2026,669947,Jesse Scholtens,4.34,1.34,47.2,2
2026,676440,Tanner Bibee,4.36,1.22,188.0,33
2026,669456,Shane Bieber,4.37,1.42,55.2,11
2026,700249,Cade Povich,4.38,1.49,37.0,7
2026,677958,Kumar Rocker,4.38,1.41,148.0,27
2026,702193,Andrew Morris,4.4,1.37,73.2,3
2026,605135,Chris Bassitt,4.41,1.55,102.0,18
2026,642547,Freddy Peralta,4.42,1.33,169.0,32
2026,805074,Yunior Marte,4.44,1.4,24.1,3
2026,641743,Anthony Kay,4.44,1.37,158.0,31
2026,694918,Blade Tidwell,4.45,1.18,56.2,9
2026,696062,Wilber Dotel,4.46,1.37,42.1,2
2026,641927,Bailey Ober,4.47,1.3,131.0,24
2026,656427,Jack Flaherty,4.48,1.39,88.1,19
2026,808963,Roki Sasaki,4.49,1.32,122.1,23
2026,696149,Bubba Chandler,4.5,1.4,154.0,30
2026,663568,Stephen Kolek,4.5,1.24,54.0,10
2026,592332,Kevin Gausman,4.51,1.27,177.2,32
2026,625643,Reynaldo López,4.54,1.44,79.1,13
2026,693313,Carson Seymour,4.55,1.48,31.2,1
2026,686218,Emmet Sheehan,4.57,1.18,112.1,22
2026,669022,MacKenzie Gore,4.58,1.34,173.0,34
2026,671096,Andrew Abbott,4.61,1.45,166.0,32
2026,661563,Luis Gil,4.61,1.43,27.1,4
2026,621111,Walker Buehler,4.63,1.35,153.2,32
2026,605400,Aaron Nola,4.67,1.35,175.1,33
2026,665152,Dean Kremer,4.68,1.14,90.1,17
2026,676664,JP Sears,4.68,1.35,32.2,6
2026,669160,Dustin May,4.7,1.32,145.2,31
2026,683352,Mitch Bratt,4.7,1.52,44.0,10
2026,702474,Mike Paredes,4.72,1.43,34.1,5
2026,672335,Cionel Pérez,4.76,1.46,45.1,2
2026,678906,Kai-Wei Teng,4.76,1.38,73.2,10
2026,640455,Sean Manaea,4.78,1.3,150.2,19
2026,656849,David Peterson,4.79,1.5,148.1,23
2026,669684,Chris Murphy,4.81,1.43,33.2,3
2026,695534,Chase Petty,4.83,1.26,31.2,3
2026,666142,Cole Ragans,4.84,1.42,35.1,8
2026,642376,Jefry Yan,4.87,1.72,20.1,1
2026,687570,Connor Prielipp,4.87,1.29,125.2,22
2026,805673,Zebby Matthews,4.9,1.26,130.1,23
2026,677944,Slade Cecconi,4.91,1.43,121.0,21
2026,702275,JR Ritchie,4.91,1.47,73.1,11
2026,579328,Yusei Kikuchi,4.92,1.54,67.2,14
2026,606996,Kyle Hart,4.92,1.2,64.0,4
2026,837227,Tatsuya Imai,4.93,1.42,76.2,15
2026,518876,Merrill Kelly,4.94,1.46,162.0,29
2026,669194,Ryne Nelson,4.95,1.26,87.1,15
2026,679775,Kyle Backhus,4.95,1.55,20.0,1
2026,664353,José Urquidy,4.95,1.49,36.1,1
2026,681293,Spencer Arrighetti,4.96,1.38,110.2,19
2026,666157,Nick Lodolo,4.97,1.48,108.2,21
2026,696270,Ryan Johnson,5.04,1.39,100.0,19
2026,669724,Brenan Hanifee,5.06,1.45,21.1,2
2026,691951,Sam Aldegheri,5.08,1.43,33.2,6
2026,686790,Trevor McDonald,5.12,1.31,70.1,14
2026,663776,Patrick Sandoval,5.12,1.68,70.1,13
2026,664299,Cristian Javier,5.14,1.46,63.0,12
2026,608337,Lucas Giolito,5.16,1.85,29.2,5
2026,607625,Seth Lugo,5.17,1.47,172.1,32
2026,657571,Caleb Ferguson,5.18,1.7,33.0,1
2026,687911,Bryan King,5.19,1.52,60.2,1
2026,671212,Joe Boyle,5.21,1.16,19.0,3
2026,641793,Zack Littell,5.21,1.41,124.1,14
2026,669461,Matthew Liberatore,5.23,1.47,155.0,31
2026,671936,Adam Macko,5.23,1.68,31.0,1
2026,641778,Eric Lauer,5.23,1.31,108.1,18
2026,608566,Germán Márquez,5.26,1.49,53.0,10
2026,675848,Juan Mejia,5.27,1.69,70.0,1
2026,683004,Jack Leiter,5.29,1.44,80.0,15
2026,656605,Mitch Keller,5.29,1.37,115.2,22
2026,682227,Brandon Williamson,5.3,1.46,52.2,9
2026,689441,Coleman Crow,5.3,1.45,18.2,4
2026,675911,Spencer Strider,5.31,1.36,39.0,8
2026,806188,Cade Gibson,5.36,1.39,50.1,1
2026,608372,Tomoyuki Sugano,5.37,1.32,154.1,29
2026,675989,Cody Bolton,5.4,1.75,20.0,3
2026,663372,Ryan Feltner,5.4,1.51,123.1,22
2026,691725,Andrew Painter,5.4,1.41,126.2,23
2026,695684,Elmer Rodríguez,5.4,1.58,26.2,6
2026,702281,Robby Snelling,5.4,1.8,5.0,1
2026,669310,CJ Van Eyk,5.4,1.46,11.2,1
2026,500779,Jose Quintana,5.44,1.5,48.0,11
2026,695611,Gage Jump,5.47,1.52,98.2,20
2026,682052,Jacob Lopez,5.47,1.49,123.1,24
2026,675540,Xzavion Curry,5.48,1.45,21.1,1
2026,663623,Jake Irvin,5.48,1.4,106.2,20
2026,571927,Steven Matz,5.49,1.23,80.1,11
2026,571578,Patrick Corbin,5.51,1.54,80.0,15
2026,685126,Brandon Eisert,5.52,1.3,44.0,4
2026,679883,Luinder Avila,5.53,1.61,70.0,12
2026,668964,Tobias Myers,5.53,1.34,53.2,3
2026,687075,Brandon Sproat,5.57,1.44,97.0,19
2026,702273,Noah Schultz,5.57,1.33,74.1,14
2026,689818,David Sandlin,5.58,1.21,40.1,6
2026,668390,Cole Winn,5.63,1.46,48.0,1
2026,592791,Jameson Taillon,5.65,1.36,86.0,18
2026,669211,Keegan Akin,5.68,1.5,25.1,2
2026,656288,Griffin Canning,5.68,1.52,88.2,11
2026,623474,Jimmy Herget,5.7,1.53,53.2,3
2026,667652,Jack Ralston,5.71,1.38,17.1,1
2026,703615,Jose Cabrera,5.72,1.52,28.1,5
2026,695076,Rhett Lowder,5.74,1.52,133.1,26
2026,453286,Max Scherzer,5.74,1.33,84.2,18
2026,571945,Miles Mikolas,5.82,1.38,116.0,11
2026,663903,Brady Singer,5.85,1.59,157.0,31
2026,622491,Luis Castillo,5.85,1.49,130.2,23
2026,802408,Brycen Mautz,5.87,1.89,15.1,1
2026,660761,José Suarez,5.87,1.61,61.1,2
2026,686751,Seth Johnson,5.88,1.69,33.2,1
2026,660604,Alan Rangel,5.88,1.69,26.0,3
2026,688642,Zach Agnos,5.93,1.51,91.0,3
2026,476594,Robert Stock,5.93,1.75,30.1,7
2026,671106,Logan Allen,5.94,1.74,16.2,2
2026,800600,Jackson Kent,5.94,1.79,36.1,7
2026,669438,Mason Englert,5.95,1.55,39.1,4
2026,665795,Edward Cabrera,5.96,1.49,80.0,15
2026,681347,Mike Burrows,5.99,1.55,94.2,17
2026,702566,Owen Murphy,6.0,1.67,12.0,1
2026,623381,Thomas Pannone,6.0,1.67,3.0,1
2026,656986,Bennett Sousa,6.0,1.8,30.0,1
2026,680570,Grayson Rodriguez,6.02,1.56,98.2,20
2026,668678,Zac Gallen,6.07,1.55,105.1,20
2026,669620,Brady Basso,6.07,1.65,43.0,7
2026,678022,Jack Perkins,6.1,1.45,121.0,17
2026,694346,Trey Gibson,6.13,1.71,39.2,8
2026,605488,Jeffrey Springs,6.18,1.46,142.2,29
2026,686799,Jack Kochanowicz,6.19,1.58,64.0,13
2026,621383,Tanner Banks,6.19,1.84,36.1,1
2026,673929,Jordan Leasure,6.27,1.23,18.2,1
2026,676979,Garrett Crochet,6.3,1.47,30.0,6
2026,700842,Eduardo Rivera,6.3,1.4,10.0,3
2026,664126,Pete Fairbanks,6.31,1.35,41.1,1
2026,687312,Gabriel Hughes,6.33,1.44,64.0,13
2026,687606,Paxton Schultz,6.4,1.7,32.1,1
2026,687931,Carson Whisenhunt,6.49,1.79,34.2,8
2026,684442,Kohl Drake,6.53,1.5,20.2,5
2026,663362,Matt Waldron,6.54,1.59,42.2,4
2026,621121,Lance McCullers Jr.,6.55,1.55,44.0,8
2026,700363,AJ Smith-Shawver,6.61,1.53,31.1,5
2026,607536,Kyle Freeland,6.65,1.52,135.1,26
2026,671111,Sammy Peralta,6.65,1.87,23.0,1
2026,680573,Simeon Woods Richardson,6.68,1.76,66.0,10
2026,669854,Ronel Blanco,6.68,1.37,33.2,5
2026,685299,Tanner Gordon,6.68,1.66,103.2,12
2026,663978,Chris Paddack,6.79,1.67,57.0,9
2026,668881,Hunter Greene,6.83,1.37,27.2,5
2026,434378,Justin Verlander,7.0,1.56,9.0,2
2026,686930,Mason Barnett,7.02,1.66,50.0,6
2026,808825,Andrew Sears,7.11,1.68,19.0,3
2026,547179,Michael Lorenzen,7.21,1.88,127.1,25
2026,694335,Matt Svanson,7.27,1.75,43.1,1
2026,673540,Kodai Senga,7.34,1.65,61.1,8
2026,680802,Ryan Weiss,7.62,2.12,26.0,2
2026,666129,Braxton Garrett,7.71,2.36,9.1,2
2026,687223,Carson Palmquist,7.71,1.78,16.1,6
2026,669203,Corbin Burnes,7.84,1.55,10.1,3
2026,664849,Danny Young,8.03,2.27,12.1,1
2026,694462,Hurston Waldrep,8.44,2.16,10.2,2
2026,676467,Colton Gordon,8.79,2.02,14.1,1
2026,807743,Sean Sullivan,8.87,2.01,22.1,5
2026,656557,Tanner Houck,9.0,1.33,3.0,1
2026,592836,Taijuan Walker,9.13,2.07,22.2,4
2026,669920,Jason Alexander,9.33,1.58,18.1,2
2026,694341,Brendan Beck,9.95,1.66,12.2,2
2026,687792,DJ Herz,10.29,2.0,7.0,2
2026,663559,Bailey Falter,10.38,2.46,13.0,2
2026,688692,Jared Simpson,10.38,1.85,4.1,1
2026,696136,Jordan Wicks,10.45,1.94,10.1,2
2026,699151,Jedixson Paez,10.8,1.89,11.2,1
2026,681343,Shane Smith,10.8,2.52,8.1,3
2026,695034,Kade Morris,10.9,2.13,17.1,2
2026,683155,Joey Estes,11.05,1.91,7.1,1
2026,656457,Tyler Gilbert,12.0,2.67,6.0,1
2026,806960,Luis Morales,13.5,2.56,16.0,2
2026,680689,Lyon Richardson,13.5,1.5,3.1,1
2026,687765,Mitch Spence,21.21,3.0,9.1,1
